eval_year,n_test,model,group,source,status,selected_param,selected_value,notes,MAE_pct_points,RMSE_pct_points,MedianAE_pct_points,R2_pct_space,F1_elevated_3pct,Precision_elevated_3pct,Recall_elevated_3pct
2006,18,Repo/Baseline: Last Year's Value,Repo baseline,models_baseline.py,ok,,,,0.1665717591529875,0.5906787052905146,0.0013658362225226206,0.8640743290933313,1.0,1.0,1.0
2006,18,Repo/Baseline: Historical Average,Repo baseline,models_baseline.py,ok,,,,1.6359285842903855,2.179941010297448,1.0000000000000018,-0.8513491884201259,0.125,0.06666666666666667,1.0
2006,18,Repo/Baseline: Global Mean,Repo baseline,models_baseline.py,ok,,,,1.7626619118055304,2.069306389198591,1.2138317105654408,-0.668201295376847,0.10526315789473684,0.05555555555555555,1.0
2006,18,Baseline: global median,Baseline,unified script,ok,,,,0.6854002808299245,1.6051182327567821,0.0019123757178840517,-0.003720773679590339,0.0,0.0,0.0
2006,18,Baseline: company median,Baseline,unified script,ok,,,,0.7455119130793214,1.6222209292076144,0.009725178112104826,-0.02522421916817419,0.0,0.0,0.0
2006,18,Recommended: Empirical Bayes company-history,Recommended,custom recommended,ok,,,,0.491192445557024,1.2083409745657254,0.003381402147635715,0.43117606568061906,0.6666666666666666,0.5,1.0
2006,18,Repo Ridge alpha tuned,Repo regression,models_baseline.py,ok,model__alpha,1000,Same alpha grid as repo; tuned inside each CV fold.,1.5738538817394927,1.90767243849723,1.0558947864421906,-0.41777223508592987,0.10526315789473684,0.05555555555555555,1.0
2006,18,Repo Poisson alpha tuned,Repo regression,poisson.py,ok,model__alpha,100,Same alpha grid as repo; tuned inside each CV fold.,1.6212264055369419,1.9489754066909595,1.0910129347216408,-0.47982913900157964,0.10526315789473684,0.05555555555555555,1.0
2006,18,Repo XGBoost reg_lambda tuned,Repo regression,xgb.py,ok,reg_lambda,5,Same regularization grid as repo; tuned inside each CV fold.,1.0193594673485584,2.12760008503866,0.10199427604675293,-0.7635137685177713,0.14285714285714285,0.07692307692307693,1.0
2006,18,Repo LightGBM reg_lambda tuned,Repo regression,lgbm.py,ok,model__reg_lambda,0.1,Same regularization grid as repo; tuned inside each CV fold.,1.3961219320852019,1.8871112804608219,0.9519902798119244,-0.38737504379650667,0.1111111111111111,0.058823529411764705,1.0
2006,18,Repo MLP alpha tuned,Repo regression,mlp.py,ok,model__alpha,100,Same alpha grid as repo; tuned inside each CV fold.,1.396731775884315,1.7844052361722056,0.9274607549733471,-0.24046876915081672,0.10526315789473684,0.05555555555555555,1.0
2006,18,Repo MLP bug-faithful alpha=100,Repo regression,mlp.py,ok,,,Replicates the old high-alpha behavior.,1.3847208231933759,1.7794084491964126,0.9170203342916168,-0.23353124220677213,0.10526315789473684,0.05555555555555555,1.0
2006,18,Broad Direct Ridge,Broad model zoo,recommended comparison,ok,,,,1.530646528177942,2.0246415515631084,1.0377752845381591,-0.5969640804369605,0.10526315789473684,0.05555555555555555,1.0
2006,18,Broad Direct ElasticNet,Broad model zoo,recommended comparison,ok,,,,1.40542069705912,2.234556675617581,0.6450483058994343,-0.9452776866628618,0.0,0.0,0.0
2006,18,Broad Direct Huber,Broad model zoo,recommended comparison,ok,,,,1.5097029284687802,2.7106793383840273,0.4507008080574253,-1.862563620521612,0.0,0.0,0.0
2006,18,Broad Direct Poisson,Broad model zoo,recommended comparison,ok,,,,1.2953552833460593,1.9456798037740128,0.7576817677681806,-0.4748287619727696,0.10526315789473684,0.05555555555555555,1.0
2006,18,Broad Direct Tweedie / NB-style,Broad model zoo,recommended comparison,ok,,,,1.2405510886087887,1.8957881070820382,0.6938224549934005,-0.4001625120031731,0.10526315789473684,0.05555555555555555,1.0
2006,18,Broad Direct Random Forest,Broad model zoo,recommended comparison,ok,,,,1.4972204898812196,1.8779878963262868,0.9977229556290728,-0.37399272910959724,0.10526315789473684,0.05555555555555555,1.0
2006,18,Broad Direct Gradient Boosting,Broad model zoo,recommended comparison,ok,,,,1.8706171707874226,2.1369046534076013,1.3932086387773857,-0.7789721382109769,0.10526315789473684,0.05555555555555555,1.0
2006,18,Broad Direct Hist Gradient Boosting,Broad model zoo,recommended comparison,ok,,,,0.685120289109381,1.6047113237189978,0.0018327791508851998,-0.003211937287610489,0.0,0.0,0.0
2006,18,Broad Direct MLP,Broad model zoo,recommended comparison,ok,,,,1.391881644595799,2.205151217952746,0.6800515834214584,-0.8944171197246797,0.14285714285714285,0.07692307692307693,1.0
2006,18,Broad Direct XGBoost,Broad model zoo,recommended comparison,ok,,,,0.8968795340690264,1.6567503840914901,0.23121230143928861,-0.06933311599441172,0.10526315789473684,0.05555555555555555,1.0
2006,18,Broad Direct LightGBM,Broad model zoo,recommended comparison,ok,,,,1.4075051097486972,1.8820404340496357,0.9577582040566919,-0.37992904550609463,0.10526315789473684,0.05555555555555555,1.0
2006,18,Broad Residual Ridge,Broad residual model,recommended comparison,ok,,,,1.544358963243132,2.0537015772590625,1.0241375013158796,-0.6431360725477799,0.10526315789473684,0.05555555555555555,1.0
2006,18,Broad Residual ElasticNet,Broad residual model,recommended comparison,ok,,,,1.407341440541521,2.2752466164465024,0.6200693016015741,-1.01676739320436,0.0,0.0,0.0
2006,18,Broad Residual Random Forest,Broad residual model,recommended comparison,ok,,,,1.5465417863270055,1.9264886583522005,1.1165074717991734,-0.44587840011317903,0.10526315789473684,0.05555555555555555,1.0
2006,18,Broad Residual Gradient Boosting,Broad residual model,recommended comparison,ok,,,,1.78464563132502,2.0705426769961095,1.31905234910897,-0.6701951934191754,0.10526315789473684,0.05555555555555555,1.0
2006,18,Broad Residual Hist Gradient Boosting,Broad residual model,recommended comparison,ok,,,,0.6918694996831428,1.6044873715903865,0.0053984212482038885,-0.002931942041105584,0.0,0.0,0.0
2006,18,Broad Residual XGBoost,Broad residual model,recommended comparison,ok,,,,0.8929007542390042,1.6748899212745458,0.2599877119064331,-0.09287727414403446,0.11764705882352941,0.0625,1.0
2006,18,Broad Residual LightGBM,Broad residual model,recommended comparison,ok,,,,1.4608695806245966,1.9249995270083087,0.9658774553503944,-0.4436440026395272,0.10526315789473684,0.05555555555555555,1.0
2007,18,Repo/Baseline: Last Year's Value,Repo baseline,models_baseline.py,ok,,,,6.421983348867301,9.384914076723621,5.000000000000005,-0.8766887130845078,0.10526315789473684,1.0,0.05555555555555555
2007,18,Repo/Baseline: Historical Average,Repo baseline,models_baseline.py,ok,,,,5.894012493204503,8.377411577924828,4.1743633909611635,-0.49537923499203584,0.8,1.0,0.6666666666666666
2007,18,Repo/Baseline: Global Mean,Repo baseline,models_baseline.py,ok,,,,5.360857915970026,8.698891980452803,4.068719292377098,-0.6123507218382331,1.0,1.0,1.0
2007,18,Baseline: global median,Baseline,unified script,ok,,,,6.2921386235929315,9.301770398740102,5.000000000000005,-0.8435837486779825,0.0,0.0,0.0
2007,18,Baseline: company median,Baseline,unified script,ok,,,,6.586530046943673,9.32685124835231,5.000000000000005,-0.8535390545182868,0.2,1.0,0.1111111111111111
2007,18,Recommended: Empirical Bayes company-history,Recommended,custom recommended,ok,,,,6.331018583423552,9.277864138651413,5.000000000000005,-0.8341196241147215,0.2,1.0,0.1111111111111111
2007,18,Repo Ridge alpha tuned,Repo regression,models_baseline.py,ok,model__alpha,100,Same alpha grid as repo; tuned inside each CV fold.,5.901541663356208,8.980161474303987,4.6302514946478155,-0.7183037274554942,0.9411764705882353,1.0,0.8888888888888888
2007,18,Repo Poisson alpha tuned,Repo regression,poisson.py,ok,model__alpha,0.1,Same alpha grid as repo; tuned inside each CV fold.,6.574173617433496,9.113569746597163,5.279974705476718,-0.7697368077776807,0.2,1.0,0.1111111111111111
2007,18,Repo XGBoost reg_lambda tuned,Repo regression,xgb.py,ok,reg_lambda,100,Same regularization grid as repo; tuned inside each CV fold.,6.054093447722672,8.939045801343037,4.994061175963243,-0.702605239053123,0.6153846153846154,1.0,0.4444444444444444
2007,18,Repo LightGBM reg_lambda tuned,Repo regression,lgbm.py,ok,model__reg_lambda,0.1,Same regularization grid as repo; tuned inside each CV fold.,5.425127574082418,8.444902592251017,4.229550534155305,-0.5195707649285557,1.0,1.0,1.0
2007,18,Repo MLP alpha tuned,Repo regression,mlp.py,ok,model__alpha,10,Same alpha grid as repo; tuned inside each CV fold.,6.309704253851098,8.65917869528352,5.340790343241187,-0.597662510688455,0.43478260869565216,1.0,0.2777777777777778
2007,18,Repo MLP bug-faithful alpha=100,Repo regression,mlp.py,ok,,,Replicates the old high-alpha behavior.,5.83957892225268,8.957592694315025,4.559687623385657,-0.7096777604797766,0.9411764705882353,1.0,0.8888888888888888
2007,18,Broad Direct Ridge,Broad model zoo,recommended comparison,ok,,,,6.288019479142535,9.149544608548917,5.006889038117986,-0.7837360850381314,0.56,1.0,0.3888888888888889
2007,18,Broad Direct ElasticNet,Broad model zoo,recommended comparison,ok,,,,6.55274060540871,9.070453366739573,5.283217363592624,-0.7530311375317571,0.2,1.0,0.1111111111111111
2007,18,Broad Direct Huber,Broad model zoo,recommended comparison,ok,,,,7.219065735793874,9.853668978927193,5.593892131369326,-1.068843206921966,0.0,0.0,0.0
2007,18,Broad Direct Poisson,Broad model zoo,recommended comparison,ok,,,,6.331049354058356,9.204439663354124,5.071588715388177,-0.8052042645765849,0.43478260869565216,1.0,0.2777777777777778
2007,18,Broad Direct Tweedie / NB-style,Broad model zoo,recommended comparison,ok,,,,6.434120912582531,9.291282703946907,5.186744386659923,-0.8394288313165965,0.36363636363636365,1.0,0.2222222222222222
2007,18,Broad Direct Random Forest,Broad model zoo,recommended comparison,ok,,,,5.65463099929763,8.802602382211827,4.384519895805422,-0.6510256120507663,1.0,1.0,1.0
2007,18,Broad Direct Gradient Boosting,Broad model zoo,recommended comparison,ok,,,,5.149251750995278,8.516067053612394,3.888998312265879,-0.5452892559633358,1.0,1.0,1.0
2007,18,Broad Direct Hist Gradient Boosting,Broad model zoo,recommended comparison,ok,,,,6.31390263309282,9.310778396073614,5.000000000000005,-0.8471561952195639,0.0,0.0,0.0
2007,18,Broad Direct MLP,Broad model zoo,recommended comparison,ok,,,,6.070073274658732,9.170873924554694,5.295458486287789,-0.7920622298491051,0.43478260869565216,1.0,0.2777777777777778
2007,18,Broad Direct XGBoost,Broad model zoo,recommended comparison,ok,,,,6.017739515236032,9.005739446070878,4.775686445928278,-0.7281060714854986,0.8387096774193549,1.0,0.7222222222222222
2007,18,Broad Direct LightGBM,Broad model zoo,recommended comparison,ok,,,,5.249687994411319,8.515647380670602,3.984511932475589,-0.545136955587022,1.0,1.0,1.0
2007,18,Broad Residual Ridge,Broad residual model,recommended comparison,ok,,,,6.288626546691535,9.11274982963791,4.987567440933043,-0.7694183876656924,0.6666666666666666,1.0,0.5
2007,18,Broad Residual ElasticNet,Broad residual model,recommended comparison,ok,,,,6.553180297763253,9.051648013400765,5.29432515314613,-0.7457697152422185,0.2,1.0,0.1111111111111111
2007,18,Broad Residual Random Forest,Broad residual model,recommended comparison,ok,,,,5.674059407639983,8.810413136370363,4.455446823414821,-0.653956898949112,0.9714285714285714,1.0,0.9444444444444444
2007,18,Broad Residual Gradient Boosting,Broad residual model,recommended comparison,ok,,,,5.093082863999581,8.449609926726088,3.813483101262214,-0.5212653070288025,1.0,1.0,1.0
2007,18,Broad Residual Hist Gradient Boosting,Broad residual model,recommended comparison,ok,,,,6.339980419509135,9.25329277412899,4.995865965343735,-0.8244175754488714,0.7586206896551724,1.0,0.6111111111111112
2007,18,Broad Residual XGBoost,Broad residual model,recommended comparison,ok,,,,6.0871847770656835,9.042719778082361,4.888209082186227,-0.7423274789243091,0.8387096774193549,1.0,0.7222222222222222
2007,18,Broad Residual LightGBM,Broad residual model,recommended comparison,ok,,,,5.409443260093081,8.571914997598736,4.183377225908169,-0.5656235738693607,1.0,1.0,1.0
2008,18,Repo/Baseline: Last Year's Value,Repo baseline,models_baseline.py,ok,,,,1.8978465923151455,6.94677779873844,0.0,-500.35892289382707,1.0,1.0,1.0
2008,18,Repo/Baseline: Historical Average,Repo baseline,models_baseline.py,ok,,,,3.661220219020666,3.713714092710737,3.573415693918888,-142.28438527032512,0.9411764705882353,1.0,0.8888888888888888
2008,18,Repo/Baseline: Global Mean,Repo baseline,models_baseline.py,ok,,,,3.056600960070461,3.0723058554738447,3.122685542500035,-97.06427694705789,1.0,1.0,1.0
2008,18,Baseline: global median,Baseline,unified script,ok,,,,4.9339154175704305,4.943660100392664,5.000000000000005,-252.90961095738265,0.0,0.0,0.0
2008,18,Baseline: company median,Baseline,unified script,ok,,,,4.691270974075617,4.772867226550777,5.000000000000005,-235.66859888203257,0.2857142857142857,1.0,0.16666666666666666
2008,18,Recommended: Empirical Bayes company-history,Recommended,custom recommended,ok,,,,3.5289881746394207,3.622575450762527,3.3543643453125673,-135.33796668972616,1.0,1.0,1.0
2008,18,Repo Ridge alpha tuned,Repo regression,models_baseline.py,ok,model__alpha,1000,Same alpha grid as repo; tuned inside each CV fold.,2.2011970286747857,2.223366921385685,2.3258386108966476,-50.357540049378485,1.0,1.0,1.0
2008,18,Repo Poisson alpha tuned,Repo regression,poisson.py,ok,model__alpha,1000,Same alpha grid as repo; tuned inside each CV fold.,3.004254652604941,3.019916387927149,3.068956145149175,-93.7483751821811,1.0,1.0,1.0
2008,18,Repo XGBoost reg_lambda tuned,Repo regression,xgb.py,ok,reg_lambda,10,Same regularization grid as repo; tuned inside each CV fold.,3.9223137310927694,4.021649113125271,3.7821400165557915,-167.03133785884484,1.0,1.0,1.0
2008,18,Repo LightGBM reg_lambda tuned,Repo regression,lgbm.py,ok,model__reg_lambda,0.1,Same regularization grid as repo; tuned inside each CV fold.,4.780979575361789,4.95864332982669,4.88579974446902,-254.45104019789719,0.6666666666666666,1.0,0.5
2008,18,Repo MLP alpha tuned,Repo regression,mlp.py,ok,model__alpha,100,Same alpha grid as repo; tuned inside each CV fold.,3.2955998268189224,3.33959517684348,3.28493367556771,-114.8696202679695,1.0,1.0,1.0
2008,18,Repo MLP bug-faithful alpha=100,Repo regression,mlp.py,ok,,,Replicates the old high-alpha behavior.,3.397432309518001,3.4410788556371394,3.3828112961216137,-122.01871418587918,1.0,1.0,1.0
2008,18,Broad Direct Ridge,Broad model zoo,recommended comparison,ok,,,,3.9825060201341937,4.0216866902024595,3.8471111082629124,-167.0344779418674,1.0,1.0,1.0
2008,18,Broad Direct ElasticNet,Broad model zoo,recommended comparison,ok,,,,11.627339158751468,11.718525450752434,11.89218222840641,-1425.684255526415,1.0,1.0,1.0
2008,18,Broad Direct Huber,Broad model zoo,recommended comparison,ok,,,,26.768006512501998,26.780068252237374,27.042647964460272,-7449.840943631774,1.0,1.0,1.0
2008,18,Broad Direct Poisson,Broad model zoo,recommended comparison,ok,,,,11.739794775067683,11.944438104565915,11.177542499865435,-1481.2224331978864,1.0,1.0,1.0
2008,18,Broad Direct Tweedie / NB-style,Broad model zoo,recommended comparison,ok,,,,9.1761183924196,9.393037441104456,8.414446699320827,-915.6299436406787,1.0,1.0,1.0
2008,18,Broad Direct Random Forest,Broad model zoo,recommended comparison,ok,,,,1.0032167322957388,1.073036451317951,1.0921104725551278,-10.962195172394914,1.0,1.0,1.0
2008,18,Broad Direct Gradient Boosting,Broad model zoo,recommended comparison,ok,,,,3.651153415344014,3.661513628830978,3.6932348864088214,-138.28464555726413,1.0,1.0,1.0
2008,18,Broad Direct Hist Gradient Boosting,Broad model zoo,recommended comparison,ok,,,,3.6774867541718894,3.9596439207873133,4.543095147093126,-161.8899158934448,1.0,1.0,1.0
2008,18,Broad Direct MLP,Broad model zoo,recommended comparison,ok,,,,1.2677441648026007,1.9757966419796729,0.679802548631482,-39.55705571003768,1.0,1.0,1.0
2008,18,Broad Direct XGBoost,Broad model zoo,recommended comparison,ok,,,,3.1384636042964718,3.1732842459373023,3.2345609009410943,-103.61642731135873,1.0,1.0,1.0
2008,18,Broad Direct LightGBM,Broad model zoo,recommended comparison,ok,,,,3.319055128459977,3.4003706694583298,3.654050937784743,-119.12529196370568,1.0,1.0,1.0
2008,18,Broad Residual Ridge,Broad residual model,recommended comparison,ok,,,,3.964361669777363,4.006510594767701,3.9076520019619156,-165.76869272681253,1.0,1.0,1.0
2008,18,Broad Residual ElasticNet,Broad residual model,recommended comparison,ok,,,,11.668384779941348,11.766922076062533,11.9920724077513,-1437.492785955785,1.0,1.0,1.0
2008,18,Broad Residual Random Forest,Broad residual model,recommended comparison,ok,,,,1.0282963681632862,1.1374849504996867,1.2149500098761892,-12.442289743716938,1.0,1.0,1.0
2008,18,Broad Residual Gradient Boosting,Broad residual model,recommended comparison,ok,,,,3.505681181593094,3.5249677745231836,3.5121419192766177,-128.08989137557717,1.0,1.0,1.0
2008,18,Broad Residual Hist Gradient Boosting,Broad residual model,recommended comparison,ok,,,,4.3571874200828455,4.379981516307062,4.488482749133363,-198.3088066769915,1.0,1.0,1.0
2008,18,Broad Residual XGBoost,Broad residual model,recommended comparison,ok,,,,3.1215332855243463,3.1610438232092357,3.287143468856817,-102.81090253560103,1.0,1.0,1.0
2008,18,Broad Residual LightGBM,Broad residual model,recommended comparison,ok,,,,3.3496295377306513,3.4533992815183474,3.801323551187944,-122.90120268149728,1.0,1.0,1.0
2009,19,Repo/Baseline: Last Year's Value,Repo baseline,models_baseline.py,ok,,,,4.964610645366671,4.982039300912487,5.000000000000005,-43.09251700926806,0.1,0.05263157894736842,1.0
2009,19,Repo/Baseline: Historical Average,Repo baseline,models_baseline.py,ok,,,,2.3890903165822848,2.871416296215639,1.8745713161297601,-13.646805499538214,0.1,0.05263157894736842,1.0
2009,19,Repo/Baseline: Global Mean,Repo baseline,models_baseline.py,ok,,,,2.4744768017485645,2.585722138709988,2.335804601510538,-10.877206313797743,0.1,0.05263157894736842,1.0
2009,19,Baseline: global median,Baseline,unified script,ok,,,,0.275627491692469,0.7629898527123449,0.0,-0.03416090797673155,0.0,0.0,0.0
2009,19,Baseline: company median,Baseline,unified script,ok,,,,1.1880030446751555,1.9558908933669106,0.1182879377431898,-5.795788309762783,0.0,0.0,0.0
2009,19,Recommended: Empirical Bayes company-history,Recommended,custom recommended,ok,,,,1.822935374875825,1.9644067671782883,1.5154157172011087,-5.855094339857443,0.1,0.05263157894736842,1.0
2009,19,Repo Ridge alpha tuned,Repo regression,models_baseline.py,ok,model__alpha,100,Same alpha grid as repo; tuned inside each CV fold.,2.1013392346507245,2.2289691771338567,1.9644808008063164,-7.825894234138543,0.1,0.05263157894736842,1.0
2009,19,Repo Poisson alpha tuned,Repo regression,poisson.py,ok,model__alpha,10,Same alpha grid as repo; tuned inside each CV fold.,2.309952246375199,2.416632526618352,2.155948629951191,-9.374611102412139,0.1,0.05263157894736842,1.0
2009,19,Repo XGBoost reg_lambda tuned,Repo regression,xgb.py,ok,reg_lambda,100,Same regularization grid as repo; tuned inside each CV fold.,4.693120127211068,4.721250806885903,4.771088600158691,-38.597223685251386,0.1,0.05263157894736842,1.0
2009,19,Repo LightGBM reg_lambda tuned,Repo regression,lgbm.py,ok,model__reg_lambda,100,Same regularization grid as repo; tuned inside each CV fold.,4.813014048813796,4.863972461908511,4.688156892511086,-41.027427506292625,0.1,0.05263157894736842,1.0
2009,19,Repo MLP alpha tuned,Repo regression,mlp.py,ok,model__alpha,100,Same alpha grid as repo; tuned inside each CV fold.,0.8604240151860939,1.145291996054683,0.5825375520971869,-1.3301455203446086,0.1,0.05263157894736842,1.0
2009,19,Repo MLP bug-faithful alpha=100,Repo regression,mlp.py,ok,,,Replicates the old high-alpha behavior.,0.6923132201511082,1.0265905219458502,0.5001856634318309,-0.8721691880569684,0.10526315789473684,0.05555555555555555,1.0
2009,19,Broad Direct Ridge,Broad model zoo,recommended comparison,ok,,,,0.6051466561958945,0.9164036035575798,0.4992930316718116,-0.4918466018454266,0.0,0.0,0.0
2009,19,Broad Direct ElasticNet,Broad model zoo,recommended comparison,ok,,,,2.8613277997619733,2.9580602282431383,3.0,-14.544065491774328,0.0,0.0,0.0
2009,19,Broad Direct Huber,Broad model zoo,recommended comparison,ok,,,,2.8613277997619733,2.9580602282431383,3.0,-14.544065491774328,0.0,0.0,0.0
2009,19,Broad Direct Poisson,Broad model zoo,recommended comparison,ok,,,,0.5704615451265519,0.8387691698745824,0.4455158526869081,-0.2497855837621361,0.0,0.0,0.0
2009,19,Broad Direct Tweedie / NB-style,Broad model zoo,recommended comparison,ok,,,,0.4064443635739427,0.7953325605781794,0.16632357369612505,-0.12369414531832712,0.2,0.1111111111111111,1.0
2009,19,Broad Direct Random Forest,Broad model zoo,recommended comparison,ok,,,,5.462825815621085,5.512153273957856,5.394630493306167,-52.97506368175687,0.1,0.05263157894736842,1.0
2009,19,Broad Direct Gradient Boosting,Broad model zoo,recommended comparison,ok,,,,5.675217378449943,5.72412852412026,5.537716308146225,-57.20621319279578,0.1,0.05263157894736842,1.0
2009,19,Broad Direct Hist Gradient Boosting,Broad model zoo,recommended comparison,ok,,,,5.0627642278251,5.1089722751592905,5.009396408437681,-45.367927487045556,0.1,0.05263157894736842,1.0
2009,19,Broad Direct MLP,Broad model zoo,recommended comparison,ok,,,,5.873236704479456,5.93028914885141,5.750928178667911,-61.47443413885538,0.1,0.05263157894736842,1.0
2009,19,Broad Direct XGBoost,Broad model zoo,recommended comparison,ok,,,,4.966147170804625,5.006869003449903,4.853989601135254,-43.53311258914894,0.1,0.05263157894736842,1.0
2009,19,Broad Direct LightGBM,Broad model zoo,recommended comparison,ok,,,,4.9866084909793615,5.038335185584423,4.769368560758845,-44.094617312705765,0.1,0.05263157894736842,1.0
2009,19,Broad Residual Ridge,Broad residual model,recommended comparison,ok,,,,0.8919489572088092,1.1635145024602993,0.7224560804934308,-1.4048843409858547,0.0,0.0,0.0
2009,19,Broad Residual ElasticNet,Broad residual model,recommended comparison,ok,,,,2.8613277997619733,2.9580602282431383,3.0,-14.544065491774328,0.0,0.0,0.0
2009,19,Broad Residual Random Forest,Broad residual model,recommended comparison,ok,,,,5.3077517652803845,5.379970476336703,5.145733469137934,-50.41743143385063,0.1,0.05263157894736842,1.0
2009,19,Broad Residual Gradient Boosting,Broad residual model,recommended comparison,ok,,,,5.339196639082133,5.40875876739572,5.107017798833727,-50.96917435742664,0.1,0.05263157894736842,1.0
2009,19,Broad Residual Hist Gradient Boosting,Broad residual model,recommended comparison,ok,,,,5.172164583170615,5.2442648043039535,4.85046586679901,-47.856215041537894,0.1,0.05263157894736842,1.0
2009,19,Broad Residual XGBoost,Broad residual model,recommended comparison,ok,,,,4.646069001263551,4.748722589889597,4.611509226437062,-39.05937713499421,0.1,0.05263157894736842,1.0
2009,19,Broad Residual LightGBM,Broad residual model,recommended comparison,ok,,,,4.880730460462872,4.955273109349803,4.656527071307496,-42.62001232528221,0.1,0.05263157894736842,1.0
2010,21,Repo/Baseline: Last Year's Value,Repo baseline,models_baseline.py,ok,,,,0.23608152991777528,0.5625711244882869,0.002881844380403731,0.383039339970322,0.0,0.0,0.0
2010,21,Repo/Baseline: Historical Average,Repo baseline,models_baseline.py,ok,,,,2.2051152624458052,2.5811653231846505,1.6666666666666679,-11.98775962702357,0.0,0.0,0.0
2010,21,Repo/Baseline: Global Mean,Repo baseline,models_baseline.py,ok,,,,2.307617025249703,2.416210411848059,1.9993304337306381,-10.380781916950381,0.0,0.0,0.0
2010,21,Baseline: global median,Baseline,unified script,ok,,,,0.3100502599493999,0.7804534469110693,0.0017636684303350414,-0.18739879673849735,0.0,0.0,0.0
2010,21,Baseline: company median,Baseline,unified script,ok,,,,0.7417338991616129,1.2801247077562132,0.0183486238532109,-2.194531378812382,0.0,0.0,0.0
2010,21,Recommended: Empirical Bayes company-history,Recommended,custom recommended,ok,,,,0.33947682950402386,0.6542683279471742,0.04144330323164347,0.16552295775066295,0.0,0.0,0.0
2010,21,Repo Ridge alpha tuned,Repo regression,models_baseline.py,ok,model__alpha,100,Same alpha grid as repo; tuned inside each CV fold.,0.5270899768846417,0.646794722014788,0.5689091522610275,0.18447827843704245,0.0,0.0,0.0
2010,21,Repo Poisson alpha tuned,Repo regression,poisson.py,ok,model__alpha,1,Same alpha grid as repo; tuned inside each CV fold.,0.9716587186956678,1.0350619981266496,1.113169377605247,-1.08850407167676,0.0,0.0,0.0
2010,21,Repo XGBoost reg_lambda tuned,Repo regression,xgb.py,ok,reg_lambda,100,Same regularization grid as repo; tuned inside each CV fold.,1.2228696681844957,1.3433837809731985,0.937413215637207,-2.5180564169902944,0.0,0.0,0.0
2010,21,Repo LightGBM reg_lambda tuned,Repo regression,lgbm.py,ok,model__reg_lambda,100,Same regularization grid as repo; tuned inside each CV fold.,0.3999648761361311,0.6276996519306989,0.2961363168204736,0.23192014610599299,0.0,0.0,0.0
2010,21,Repo MLP alpha tuned,Repo regression,mlp.py,ok,model__alpha,100,Same alpha grid as repo; tuned inside each CV fold.,0.9571021222408909,1.0287340994698906,1.0876722869059101,-1.063045800950202,0.0,0.0,0.0
2010,21,Repo MLP bug-faithful alpha=100,Repo regression,mlp.py,ok,,,Replicates the old high-alpha behavior.,0.9312446512123093,1.0060921242064083,1.063413951676616,-0.9732317601747305,0.0,0.0,0.0
2010,21,Broad Direct Ridge,Broad model zoo,recommended comparison,ok,,,,2.3019956137748725,2.4158110595673445,2.5947563783005725,-10.377020186930794,0.0,0.0,0.0
2010,21,Broad Direct ElasticNet,Broad model zoo,recommended comparison,ok,,,,2.6306667673352964,2.732565108966368,2.9971181556195963,-13.556053254515955,0.0,0.0,0.0
2010,21,Broad Direct Huber,Broad model zoo,recommended comparison,ok,,,,2.6899497400506003,2.7836677285730365,2.998236331569665,-14.1055793883932,0.0,0.0,0.0
2010,21,Broad Direct Poisson,Broad model zoo,recommended comparison,ok,,,,0.9716587186956678,1.0350619981266496,1.113169377605247,-1.08850407167676,0.0,0.0,0.0
2010,21,Broad Direct Tweedie / NB-style,Broad model zoo,recommended comparison,ok,,,,0.8938671778441767,0.9573375801361268,1.010842420431031,-0.7866225584942916,0.0,0.0,0.0
2010,21,Broad Direct Random Forest,Broad model zoo,recommended comparison,ok,,,,0.46043874752473746,0.6862608846485551,0.2701686118360258,0.0819188090082833,0.0,0.0,0.0
2010,21,Broad Direct Gradient Boosting,Broad model zoo,recommended comparison,ok,,,,0.2921677099370289,0.5559660750866461,0.13217143814083254,0.39744154869897597,0.0,0.0,0.0
2010,21,Broad Direct Hist Gradient Boosting,Broad model zoo,recommended comparison,ok,,,,0.2844161346333429,0.7067188613782123,0.01192829785785765,0.026365481081319975,0.0,0.0,0.0
2010,21,Broad Direct MLP,Broad model zoo,recommended comparison,ok,,,,1.042953105685141,1.655884340323171,0.79224291963427,-4.345183221744459,0.0,0.0,0.0
2010,21,Broad Direct XGBoost,Broad model zoo,recommended comparison,ok,,,,0.8530398658984385,1.1077755057264518,0.4918510913848877,-1.3922475291142908,0.0,0.0,0.0
2010,21,Broad Direct LightGBM,Broad model zoo,recommended comparison,ok,,,,0.5095773731376532,0.757593712349752,0.2922842605877194,-0.1188589019317734,0.0,0.0,0.0
2010,21,Broad Residual Ridge,Broad residual model,recommended comparison,ok,,,,2.2935822584689936,2.425495059043052,2.66926655302961,-10.468414652969903,0.0,0.0,0.0
2010,21,Broad Residual ElasticNet,Broad residual model,recommended comparison,ok,,,,2.620104479586203,2.726202492279089,2.9971181556195963,-13.48834634921112,0.0,0.0,0.0
2010,21,Broad Residual Random Forest,Broad residual model,recommended comparison,ok,,,,0.5250254340944573,0.8078122591264899,0.22751417661466844,-0.2721065173698929,0.0,0.0,0.0
2010,21,Broad Residual Gradient Boosting,Broad residual model,recommended comparison,ok,,,,0.41005556165496,0.647247533037541,0.16620733900053963,0.18333601034210134,0.0,0.0,0.0
2010,21,Broad Residual Hist Gradient Boosting,Broad residual model,recommended comparison,ok,,,,0.41402788794115636,0.739344656318214,0.10552127044363857,-0.06560555314534611,0.0,0.0,0.0
2010,21,Broad Residual XGBoost,Broad residual model,recommended comparison,ok,,,,0.925271756154781,1.1834886377605762,0.5518755912780762,-1.730428346324215,0.0,0.0,0.0
2010,21,Broad Residual LightGBM,Broad residual model,recommended comparison,ok,,,,0.484600441518667,0.821926845029252,0.23377268510989646,-0.31694891504779066,0.0,0.0,0.0
2011,23,Repo/Baseline: Last Year's Value,Repo baseline,models_baseline.py,ok,,,,0.7789447803577493,2.363695213031397,0.0019627296862041455,0.009344218202445465,0.0,0.0,0.0
2011,23,Repo/Baseline: Historical Average,Repo baseline,models_baseline.py,ok,,,,2.1330299804800146,2.836682153010392,1.5000000000000018,-0.42679368961082487,0.18181818181818182,0.1,1.0
2011,23,Repo/Baseline: Global Mean,Repo baseline,models_baseline.py,ok,,,,2.189692167397649,2.7520075478722537,1.69469203073628,-0.34288576015508077,0.16,0.08695652173913043,1.0
2011,23,Baseline: global median,Baseline,unified script,ok,,,,0.7731911397257852,2.394205730641149,0.0,-0.016395559911218216,0.0,0.0,0.0
2011,23,Baseline: company median,Baseline,unified script,ok,,,,0.9806842404277675,2.4625478032997408,0.007556675062972751,-0.07524929606103381,0.5,0.5,0.5
2011,23,Recommended: Empirical Bayes company-history,Recommended,custom recommended,ok,,,,0.7400106980929094,2.3420849134315853,0.011486374742677885,0.027375734402512508,0.5,0.5,0.5
2011,23,Repo Ridge alpha tuned,Repo regression,models_baseline.py,ok,model__alpha,100,Same alpha grid as repo; tuned inside each CV fold.,1.2027878934750447,2.3871977652221634,0.7607876953030477,-0.010454182070789297,0.17391304347826086,0.09523809523809523,1.0
2011,23,Repo Poisson alpha tuned,Repo regression,poisson.py,ok,model__alpha,1,Same alpha grid as repo; tuned inside each CV fold.,0.8877461231786772,2.356152439679842,0.36577342675535895,0.015656681499450653,0.23529411764705882,0.13333333333333333,1.0
2011,23,Repo XGBoost reg_lambda tuned,Repo regression,xgb.py,ok,reg_lambda,0.1,Same regularization grid as repo; tuned inside each CV fold.,3.601744956038881,3.849823018766308,3.1504872290329606,-1.6279757720566708,0.16,0.08695652173913043,1.0
2011,23,Repo LightGBM reg_lambda tuned,Repo regression,lgbm.py,ok,model__reg_lambda,100,Same regularization grid as repo; tuned inside each CV fold.,4.026449703544591,4.116309960273762,3.8178709229351684,-2.004387643112919,0.16,0.08695652173913043,1.0
2011,23,Repo MLP alpha tuned,Repo regression,mlp.py,ok,model__alpha,10,Same alpha grid as repo; tuned inside each CV fold.,2.447649419932267,3.9340318062118516,1.4392866002048952,-1.744198741821004,0.16,0.08695652173913043,1.0
2011,23,Repo MLP bug-faithful alpha=100,Repo regression,mlp.py,ok,,,Replicates the old high-alpha behavior.,0.8916858460147007,2.3721477250937504,0.2776424895046521,0.002246431939034177,0.13333333333333333,0.07692307692307693,0.5
2011,23,Broad Direct Ridge,Broad model zoo,recommended comparison,ok,,,,1.1578636362271122,2.38908323260958,0.8200100174989524,-0.01205097544323075,0.21052631578947367,0.11764705882352941,1.0
2011,23,Broad Direct ElasticNet,Broad model zoo,recommended comparison,ok,,,,1.299364356836586,2.4508298886747597,0.9390743463076392,-0.06504059923710503,0.2,0.1111111111111111,1.0
2011,23,Broad Direct Huber,Broad model zoo,recommended comparison,ok,,,,1.618221568728938,2.621098946481359,1.1217990920398622,-0.2181665193597393,0.16,0.08695652173913043,1.0
2011,23,Broad Direct Poisson,Broad model zoo,recommended comparison,ok,,,,0.8877461231786772,2.356152439679842,0.36577342675535895,0.015656681499450653,0.23529411764705882,0.13333333333333333,1.0
2011,23,Broad Direct Tweedie / NB-style,Broad model zoo,recommended comparison,ok,,,,0.9384235766251929,2.3613834570922685,0.3536014467031334,0.011281045301846149,0.23529411764705882,0.13333333333333333,1.0
2011,23,Broad Direct Random Forest,Broad model zoo,recommended comparison,ok,,,,3.5449846802361207,3.7296871025677323,3.2920035323761336,-1.466519905723648,0.16,0.08695652173913043,1.0
2011,23,Broad Direct Gradient Boosting,Broad model zoo,recommended comparison,ok,,,,2.8672619674079014,3.172247990995305,2.5067984037534545,-0.7843255295236216,0.16,0.08695652173913043,1.0
2011,23,Broad Direct Hist Gradient Boosting,Broad model zoo,recommended comparison,ok,,,,1.4689612161006707,2.3775091861138846,1.5457986854076884,-0.0022688536027175576,0.21052631578947367,0.11764705882352941,1.0
2011,23,Broad Direct MLP,Broad model zoo,recommended comparison,ok,,,,3.4661028664435882,4.292082497321843,2.7692464669750834,-2.266449505125722,0.16,0.08695652173913043,1.0
2011,23,Broad Direct XGBoost,Broad model zoo,recommended comparison,ok,,,,2.7043217716025802,3.0295588187053157,2.3244869086119504,-0.6274160869683467,0.16,0.08695652173913043,1.0
2011,23,Broad Direct LightGBM,Broad model zoo,recommended comparison,ok,,,,3.527818357459741,3.6925955535730624,3.3027877225781497,-1.4177050188867097,0.16,0.08695652173913043,1.0
2011,23,Broad Residual Ridge,Broad residual model,recommended comparison,ok,,,,1.1826313229996013,2.397681368669811,0.684240845048806,-0.019348678890882764,0.2,0.1111111111111111,1.0
2011,23,Broad Residual ElasticNet,Broad residual model,recommended comparison,ok,,,,1.3098753740696238,2.4560574862462303,0.8289228411518312,-0.06958888836927901,0.19047619047619047,0.10526315789473684,1.0
2011,23,Broad Residual Random Forest,Broad residual model,recommended comparison,ok,,,,3.573569529258901,3.7622602162883316,3.294641426563423,-1.5097905954315065,0.16,0.08695652173913043,1.0
2011,23,Broad Residual Gradient Boosting,Broad residual model,recommended comparison,ok,,,,2.829255140452288,3.136987752149815,2.5056371596882627,-0.7448796329153975,0.16,0.08695652173913043,1.0
2011,23,Broad Residual Hist Gradient Boosting,Broad residual model,recommended comparison,ok,,,,3.19941773677699,3.542943056127082,3.735442791781921,-1.225707922234648,0.16,0.08695652173913043,1.0
2011,23,Broad Residual XGBoost,Broad residual model,recommended comparison,ok,,,,2.7696725942530733,3.0859995853113107,2.35608172416687,-0.688618542811323,0.16,0.08695652173913043,1.0
2011,23,Broad Residual LightGBM,Broad residual model,recommended comparison,ok,,,,3.544900704606764,3.708553190350011,3.3799636097602974,-1.4386465067907257,0.16,0.08695652173913043,1.0
2012,24,Repo/Baseline: Last Year's Value,Repo baseline,models_baseline.py,ok,,,,1.0298173251517575,2.866327709703993,0.004178828531220535,-1.4933276866684717,0.5,0.5,0.5
2012,24,Repo/Baseline: Historical Average,Repo baseline,models_baseline.py,ok,,,,1.8945719468157272,2.4023967301868665,1.3662087226749156,-0.7515281899297124,0.19047619047619047,0.10526315789473684,1.0
2012,24,Repo/Baseline: Global Mean,Repo baseline,models_baseline.py,ok,,,,1.8530307803050639,2.2241146532203295,1.51991612661958,-0.5012119680134575,0.15384615384615385,0.08333333333333333,1.0
2012,24,Baseline: global median,Baseline,unified script,ok,,,,0.5643340793314553,1.8303696476054185,0.00143575017946862,-0.016729175720731737,0.0,0.0,0.0
2012,24,Baseline: company median,Baseline,unified script,ok,,,,0.7844535806081453,1.9477330079517903,0.017639403105029983,-0.1512947487275822,0.6666666666666666,1.0,0.5
2012,24,Recommended: Empirical Bayes company-history,Recommended,custom recommended,ok,,,,0.6842626353938006,1.8935732398934935,0.012630817834945685,-0.08815782701709884,0.5,0.5,0.5
2012,24,Repo Ridge alpha tuned,Repo regression,models_baseline.py,ok,model__alpha,100,Same alpha grid as repo; tuned inside each CV fold.,0.8024716164155802,1.7244116554468285,0.4522710476880558,0.09757820745403412,0.19047619047619047,0.10526315789473684,1.0
2012,24,Repo Poisson alpha tuned,Repo regression,poisson.py,ok,model__alpha,1,Same alpha grid as repo; tuned inside each CV fold.,0.7250115098670671,1.7518796832381498,0.31865824376840846,0.06860001317374032,0.2,0.1111111111111111,1.0
2012,24,Repo XGBoost reg_lambda tuned,Repo regression,xgb.py,ok,reg_lambda,100,Same regularization grid as repo; tuned inside each CV fold.,0.6588635141679199,1.7697387152148285,0.11092314654309243,0.04951344339856767,0.3076923076923077,0.18181818181818182,1.0
2012,24,Repo LightGBM reg_lambda tuned,Repo regression,lgbm.py,ok,model__reg_lambda,100,Same regularization grid as repo; tuned inside each CV fold.,0.753981506860972,1.8607372850412476,0.3682168609095213,-0.050746120732422684,0.2857142857142857,0.2,0.5
2012,24,Repo MLP alpha tuned,Repo regression,mlp.py,ok,model__alpha,100,Same alpha grid as repo; tuned inside each CV fold.,0.7252066511620782,1.7794474451762492,0.31889965979292767,0.0390561600331899,0.2,0.1111111111111111,1.0
2012,24,Repo MLP bug-faithful alpha=100,Repo regression,mlp.py,ok,,,Replicates the old high-alpha behavior.,0.7230032002133221,1.7790939187631918,0.31191850719284475,0.039437947405985274,0.2,0.1111111111111111,1.0
2012,24,Broad Direct Ridge,Broad model zoo,recommended comparison,ok,,,,0.963657515637243,1.779577477310747,0.6297043519294105,0.038915714026269366,0.18181818181818182,0.1,1.0
2012,24,Broad Direct ElasticNet,Broad model zoo,recommended comparison,ok,,,,1.5051836558458296,1.9970229771564956,1.1562820222557797,-0.21030213334717418,0.16,0.08695652173913043,1.0
2012,24,Broad Direct Huber,Broad model zoo,recommended comparison,ok,,,,1.2607847966632795,1.9342546184361398,0.9937650699745135,-0.13541587024924295,0.16,0.08695652173913043,1.0
2012,24,Broad Direct Poisson,Broad model zoo,recommended comparison,ok,,,,0.7250115098670671,1.7518796832381498,0.31865824376840846,0.06860001317374032,0.2,0.1111111111111111,1.0
2012,24,Broad Direct Tweedie / NB-style,Broad model zoo,recommended comparison,ok,,,,0.7399430086149291,1.7354196786393068,0.3684866954856416,0.08601996131586032,0.19047619047619047,0.10526315789473684,1.0
2012,24,Broad Direct Random Forest,Broad model zoo,recommended comparison,ok,,,,0.6803550406259921,1.771575418791394,0.2406777948250849,0.04753951588847172,0.2222222222222222,0.125,1.0
2012,24,Broad Direct Gradient Boosting,Broad model zoo,recommended comparison,ok,,,,0.9056268621545557,1.906901607865802,0.3616517195127893,-0.1035302565964289,0.0,0.0,0.0
2012,24,Broad Direct Hist Gradient Boosting,Broad model zoo,recommended comparison,ok,,,,0.5401526595345828,1.7862137153441413,0.028068521486433795,0.03173437320615635,0.0,0.0,0.0
2012,24,Broad Direct MLP,Broad model zoo,recommended comparison,ok,,,,1.4228615938360452,2.0781224303133756,0.9748736992631251,-0.3105993106628695,0.2222222222222222,0.125,1.0
2012,24,Broad Direct XGBoost,Broad model zoo,recommended comparison,ok,,,,0.6286377589301576,1.768269303231273,0.11777472496032715,0.051091163887378443,0.2,0.1111111111111111,1.0
2012,24,Broad Direct LightGBM,Broad model zoo,recommended comparison,ok,,,,0.7142659699650986,1.8081948141567872,0.3113422840619837,0.007756839509065916,0.2857142857142857,0.2,0.5
2012,24,Broad Residual Ridge,Broad residual model,recommended comparison,ok,,,,0.9536222644653831,1.7854623260826812,0.6561691856536582,0.03254882375418511,0.19047619047619047,0.10526315789473684,1.0
2012,24,Broad Residual ElasticNet,Broad residual model,recommended comparison,ok,,,,1.4682258023001502,1.9943574778237516,1.1171825685674335,-0.2070734208124334,0.16,0.08695652173913043,1.0
2012,24,Broad Residual Random Forest,Broad residual model,recommended comparison,ok,,,,0.6595940801083233,1.7629026875079372,0.22693712728236437,0.056842212584531815,0.26666666666666666,0.15384615384615385,1.0
2012,24,Broad Residual Gradient Boosting,Broad residual model,recommended comparison,ok,,,,0.9467617594190522,1.919591655040718,0.4083183292246464,-0.11826667232446253,0.6666666666666666,1.0,0.5
2012,24,Broad Residual Hist Gradient Boosting,Broad residual model,recommended comparison,ok,,,,0.8783952918818908,1.7695830892856108,0.545426320264909,0.04968060236780425,0.16,0.08695652173913043,1.0
2012,24,Broad Residual XGBoost,Broad residual model,recommended comparison,ok,,,,0.6237190017235109,1.7770171361841691,0.18026410039691698,0.041679216603844216,0.2222222222222222,0.125,1.0
2012,24,Broad Residual LightGBM,Broad residual model,recommended comparison,ok,,,,0.7283101927275512,1.8019232212862115,0.3185201949447951,0.01462795003889461,0.2857142857142857,0.2,0.5
2013,25,Repo/Baseline: Last Year's Value,Repo baseline,models_baseline.py,ok,,,,0.5218266032794283,1.7804222882983758,0.0005892914026901508,-37.23702924481552,0.6666666666666666,0.5,1.0
2013,25,Repo/Baseline: Historical Average,Repo baseline,models_baseline.py,ok,,,,1.3936149909900322,1.6092749719108796,1.2500000000000009,-30.239107131030888,0.1,0.05263157894736842,1.0
2013,25,Repo/Baseline: Global Mean,Repo baseline,models_baseline.py,ok,,,,1.3367690192300374,1.3632680190459316,1.3709156097600728,-21.418192387247025,0.07692307692307693,0.04,1.0
2013,25,Baseline: global median,Baseline,unified script,ok,,,,0.07552665825077046,0.2904753939658317,0.0,-0.017786760591357975,0.0,0.0,0.0
2013,25,Baseline: company median,Baseline,unified script,ok,,,,0.29060478950404345,0.7405043857517934,0.0013931043445238878,-5.614444374673924,1.0,1.0,1.0
2013,25,Recommended: Empirical Bayes company-history,Recommended,custom recommended,ok,,,,0.209439598357322,0.5531570224348137,0.006191362754005336,-2.690922777634045,0.6666666666666666,0.5,1.0
2013,25,Repo Ridge alpha tuned,Repo regression,models_baseline.py,ok,model__alpha,100,Same alpha grid as repo; tuned inside each CV fold.,0.29374198423061515,0.386418509517568,0.20254768208969143,-0.801166830151707,0.125,0.06666666666666667,1.0
2013,25,Repo Poisson alpha tuned,Repo regression,poisson.py,ok,model__alpha,1,Same alpha grid as repo; tuned inside each CV fold.,0.31163793896039516,0.37580989886821176,0.2386055129753304,-0.7036270572927479,0.09523809523809523,0.05,1.0
2013,25,Repo XGBoost reg_lambda tuned,Repo regression,xgb.py,ok,reg_lambda,100,Same regularization grid as repo; tuned inside each CV fold.,0.3629249774951552,0.41945691550932357,0.3026614844300557,-1.1223295272373388,0.09090909090909091,0.047619047619047616,1.0
2013,25,Repo LightGBM reg_lambda tuned,Repo regression,lgbm.py,ok,model__reg_lambda,100,Same regularization grid as repo; tuned inside each CV fold.,0.4082309880492494,0.4872718742858039,0.39348494642601173,-1.8640512628694634,0.10526315789473684,0.05555555555555555,1.0
2013,25,Repo MLP alpha tuned,Repo regression,mlp.py,ok,model__alpha,100,Same alpha grid as repo; tuned inside each CV fold.,0.153104867301812,0.31820779832839174,0.10090599359496144,-0.22140511912264516,0.0,0.0,0.0
2013,25,Repo MLP bug-faithful alpha=100,Repo regression,mlp.py,ok,,,Replicates the old high-alpha behavior.,0.3250005854834371,0.36879352285157846,0.2802938275138409,-0.6406074080751929,0.07692307692307693,0.04,1.0
2013,25,Broad Direct Ridge,Broad model zoo,recommended comparison,ok,,,,0.5189738944753541,0.599270060749801,0.48450609212652873,-3.3319482578064274,0.09090909090909091,0.047619047619047616,1.0
2013,25,Broad Direct ElasticNet,Broad model zoo,recommended comparison,ok,,,,0.9452332507560556,1.06040382514476,0.8665561510656232,-12.563777899535319,0.08,0.041666666666666664,1.0
2013,25,Broad Direct Huber,Broad model zoo,recommended comparison,ok,,,,0.45654700582617297,0.6488135067901946,0.23707481944232622,-4.077826561985464,0.15384615384615385,0.08333333333333333,1.0
2013,25,Broad Direct Poisson,Broad model zoo,recommended comparison,ok,,,,0.31163793896039516,0.37580989886821176,0.2386055129753304,-0.7036270572927479,0.09523809523809523,0.05,1.0
2013,25,Broad Direct Tweedie / NB-style,Broad model zoo,recommended comparison,ok,,,,0.30769795982881093,0.386009866768505,0.22173555835649106,-0.7973593283675371,0.1,0.05263157894736842,1.0
2013,25,Broad Direct Random Forest,Broad model zoo,recommended comparison,ok,,,,0.41635333490845994,0.4954425949106852,0.30202550586890764,-1.9609071024799034,0.09090909090909091,0.047619047619047616,1.0
2013,25,Broad Direct Gradient Boosting,Broad model zoo,recommended comparison,ok,,,,0.28500047855648425,0.40371975525661724,0.1908341689009907,-0.9660660372706527,0.09523809523809523,0.05,1.0
2013,25,Broad Direct Hist Gradient Boosting,Broad model zoo,recommended comparison,ok,,,,0.1352747626608503,0.32926089388308716,0.01586468516444528,-0.30773095581126886,0.2222222222222222,0.125,1.0
2013,25,Broad Direct MLP,Broad model zoo,recommended comparison,ok,,,,0.9022457111974616,1.2837861937036283,0.6497201475108128,-18.880325924281216,0.13333333333333333,0.07142857142857142,1.0
2013,25,Broad Direct XGBoost,Broad model zoo,recommended comparison,ok,,,,0.23843136902042378,0.2998221048133422,0.173356294631958,-0.08433979308391826,0.09090909090909091,0.047619047619047616,1.0
2013,25,Broad Direct LightGBM,Broad model zoo,recommended comparison,ok,,,,0.40747270908659033,0.48966077963277127,0.41124254723505693,-1.8922027710821414,0.10526315789473684,0.05555555555555555,1.0
2013,25,Broad Residual Ridge,Broad residual model,recommended comparison,ok,,,,0.49332351500340266,0.5866704179746582,0.45709481911041383,-3.151704919103378,0.09090909090909091,0.047619047619047616,1.0
2013,25,Broad Residual ElasticNet,Broad residual model,recommended comparison,ok,,,,0.9198167935342829,1.0481537791072313,0.8456042982771166,-12.252203842432055,0.08,0.041666666666666664,1.0
2013,25,Broad Residual Random Forest,Broad residual model,recommended comparison,ok,,,,0.3396396243240206,0.4250306485627026,0.27059278439577916,-1.1791071914317013,0.09523809523809523,0.05,1.0
2013,25,Broad Residual Gradient Boosting,Broad residual model,recommended comparison,ok,,,,0.21978806921293098,0.3637185675684832,0.1057380407921551,-0.5957653934842893,0.10526315789473684,0.05555555555555555,1.0
2013,25,Broad Residual Hist Gradient Boosting,Broad residual model,recommended comparison,ok,,,,0.142341839718645,0.21953800990475258,0.09597457212582405,0.4186234042907522,0.13333333333333333,0.07142857142857142,1.0
2013,25,Broad Residual XGBoost,Broad residual model,recommended comparison,ok,,,,0.2427897729482853,0.2968320630906482,0.18998192559753324,-0.06282000324951342,0.10526315789473684,0.05555555555555555,1.0
2013,25,Broad Residual LightGBM,Broad residual model,recommended comparison,ok,,,,0.34787289537138394,0.4163641927790288,0.2998606020160599,-1.0911483563383682,0.10526315789473684,0.05555555555555555,1.0
2014,25,Repo/Baseline: Last Year's Value,Repo baseline,models_baseline.py,ok,,,,0.2816755152539645,1.0069920789980198,0.0014239048496524909,-0.12184416934304187,0.0,0.0,0.0
2014,25,Repo/Baseline: Historical Average,Repo baseline,models_baseline.py,ok,,,,1.2744446006282835,1.6538232596281985,1.1517483009013212,-2.0259281913801948,0.10526315789473684,0.05555555555555555,1.0
2014,25,Repo/Baseline: Global Mean,Repo baseline,models_baseline.py,ok,,,,1.34791304970808,1.4247208831625657,1.2273255480370509,-1.245639333143385,0.07692307692307693,0.04,1.0
2014,25,Baseline: global median,Baseline,unified script,ok,,,,0.21877354551399308,0.9651577812749903,0.0,-0.030568963243501335,0.0,0.0,0.0
2014,25,Baseline: company median,Baseline,unified script,ok,,,,0.35583987651834237,1.0345975496857778,0.007018230352266119,-0.18419525697734485,0.0,0.0,0.0
2014,25,Recommended: Empirical Bayes company-history,Recommended,custom recommended,ok,,,,0.253986381278293,0.9823865143065631,0.006458829436876812,-0.0676900867339032,0.0,0.0,0.0
2014,25,Repo Ridge alpha tuned,Repo regression,models_baseline.py,ok,model__alpha,100,Same alpha grid as repo; tuned inside each CV fold.,1.251461768756561,1.3288729724510904,1.0881280456824935,-0.9536527064377982,0.07692307692307693,0.04,1.0
2014,25,Repo Poisson alpha tuned,Repo regression,poisson.py,ok,model__alpha,1,Same alpha grid as repo; tuned inside each CV fold.,1.2516514118663715,1.3436206309510865,1.0622492033197117,-0.9972560881811632,0.07692307692307693,0.04,1.0
2014,25,Repo XGBoost reg_lambda tuned,Repo regression,xgb.py,ok,reg_lambda,10,Same regularization grid as repo; tuned inside each CV fold.,0.4896506207093056,0.9063816155528968,0.21107912063598633,0.09112825501507038,0.07692307692307693,0.04,1.0
2014,25,Repo LightGBM reg_lambda tuned,Repo regression,lgbm.py,ok,model__reg_lambda,100,Same regularization grid as repo; tuned inside each CV fold.,0.4836086643294815,0.9560512208358075,0.3254318380504624,-0.01121323956544873,0.16666666666666666,0.09090909090909091,1.0
2014,25,Repo MLP alpha tuned,Repo regression,mlp.py,ok,model__alpha,100,Same alpha grid as repo; tuned inside each CV fold.,0.6771248900328463,0.9382976771833931,0.5370222014038801,0.025993828458106938,0.07692307692307693,0.04,1.0
2014,25,Repo MLP bug-faithful alpha=100,Repo regression,mlp.py,ok,,,Replicates the old high-alpha behavior.,0.703831354296749,0.9562543136881952,0.540640079383516,-0.011642906909612005,0.07692307692307693,0.04,1.0
2014,25,Broad Direct Ridge,Broad model zoo,recommended comparison,ok,,,,1.919511731802573,1.9842309707301178,1.8125300165640583,-3.355769346852102,0.07692307692307693,0.04,1.0
2014,25,Broad Direct ElasticNet,Broad model zoo,recommended comparison,ok,,,,2.2796701476193055,2.3743956982227497,2.1040189069397703,-5.237156191348901,0.07692307692307693,0.04,1.0
2014,25,Broad Direct Huber,Broad model zoo,recommended comparison,ok,,,,1.77004785535922,1.8440816839264957,1.7217156990663884,-2.7621900878627654,0.07692307692307693,0.04,1.0
2014,25,Broad Direct Poisson,Broad model zoo,recommended comparison,ok,,,,1.2516514118663715,1.3436206309510865,1.0622492033197117,-0.9972560881811632,0.07692307692307693,0.04,1.0
2014,25,Broad Direct Tweedie / NB-style,Broad model zoo,recommended comparison,ok,,,,1.2091097334970633,1.3058371488503129,1.0223537086733874,-0.8865071912652835,0.07692307692307693,0.04,1.0
2014,25,Broad Direct Random Forest,Broad model zoo,recommended comparison,ok,,,,0.3693232906524638,0.9132868118104802,0.15279357397183313,0.07722716957732123,0.08333333333333333,0.043478260869565216,1.0
2014,25,Broad Direct Gradient Boosting,Broad model zoo,recommended comparison,ok,,,,0.7033292075644301,1.0039145761488022,0.5662443811410713,-0.11499763483584147,0.07692307692307693,0.04,1.0
2014,25,Broad Direct Hist Gradient Boosting,Broad model zoo,recommended comparison,ok,,,,0.30365455983140155,0.9756489100788829,0.13855965729139275,-0.05309500714586446,0.0,0.0,0.0
2014,25,Broad Direct MLP,Broad model zoo,recommended comparison,ok,,,,1.1923821139145623,1.4464399992397348,0.9900738457183267,-1.3146283730485093,0.18181818181818182,0.1,1.0
2014,25,Broad Direct XGBoost,Broad model zoo,recommended comparison,ok,,,,0.39746915746772843,0.9329681389210485,0.17826485633850098,0.03702713018157411,0.08333333333333333,0.043478260869565216,1.0
2014,25,Broad Direct LightGBM,Broad model zoo,recommended comparison,ok,,,,0.41395990860316945,0.9509560649448529,0.14769640740856538,-0.000463690292087815,0.125,0.06666666666666667,1.0
2014,25,Broad Residual Ridge,Broad residual model,recommended comparison,ok,,,,1.9137992540142756,2.001937819261437,1.8105460599230305,-3.43385610319881,0.07692307692307693,0.04,1.0
2014,25,Broad Residual ElasticNet,Broad residual model,recommended comparison,ok,,,,2.2744370460415637,2.3878238106011986,2.106642308179886,-5.3079026659556074,0.07692307692307693,0.04,1.0
2014,25,Broad Residual Random Forest,Broad residual model,recommended comparison,ok,,,,0.3806675625054151,0.9049991969048818,0.15656954215026886,0.09389857396579271,0.1111111111111111,0.058823529411764705,1.0
2014,25,Broad Residual Gradient Boosting,Broad residual model,recommended comparison,ok,,,,0.6317845444879141,0.9888997707635327,0.486748944388117,-0.0818946637342437,0.08,0.041666666666666664,1.0
2014,25,Broad Residual Hist Gradient Boosting,Broad residual model,recommended comparison,ok,,,,0.27915869575622604,0.9594094734393298,0.054501421578092124,-0.018329749024976527,0.1111111111111111,0.058823529411764705,1.0
2014,25,Broad Residual XGBoost,Broad residual model,recommended comparison,ok,,,,0.4152083839903369,0.939405941780656,0.222032368183136,0.023691586684573274,0.08333333333333333,0.043478260869565216,1.0
2014,25,Broad Residual LightGBM,Broad residual model,recommended comparison,ok,,,,0.44866687654463333,0.9714639033711716,0.17291139547267864,-0.04407996628610422,0.125,0.06666666666666667,1.0
2015,25,Repo/Baseline: Last Year's Value,Repo baseline,models_baseline.py,ok,,,,0.6154859345057316,1.714581943455229,0.0006794577280233582,-0.4870331964044583,0.5,1.0,0.3333333333333333
2015,25,Repo/Baseline: Historical Average,Repo baseline,models_baseline.py,ok,,,,1.0659143335266004,1.3772005625173482,1.0694805651226549,0.04060256052460376,0.2857142857142857,0.16666666666666666,1.0
2015,25,Repo/Baseline: Global Mean,Repo baseline,models_baseline.py,ok,,,,1.3469648516104862,1.5692167618457515,1.1241057918550421,-0.24557547680281777,0.21428571428571427,0.12,1.0
2015,25,Baseline: global median,Baseline,unified script,ok,,,,0.433902427130217,1.4695459158856852,0.0,-0.09237183102154067,0.0,0.0,0.0
2015,25,Baseline: company median,Baseline,unified script,ok,,,,0.4290939419131169,1.3217270337248481,0.0038793714220437536,0.11633486972068119,0.5,1.0,0.3333333333333333
2015,25,Recommended: Empirical Bayes company-history,Recommended,custom recommended,ok,,,,0.45083464020816794,1.4096997377296534,0.00266733756386639,-0.0052114112410082125,0.6666666666666666,0.6666666666666666,0.6666666666666666
2015,25,Repo Ridge alpha tuned,Repo regression,models_baseline.py,ok,model__alpha,1000,Same alpha grid as repo; tuned inside each CV fold.,1.3041189608612933,1.5690337544765218,1.0265927748724417,-0.24528496728927185,0.21428571428571427,0.12,1.0
2015,25,Repo Poisson alpha tuned,Repo regression,poisson.py,ok,model__alpha,10,Same alpha grid as repo; tuned inside each CV fold.,1.2951225386504945,1.5900935166389025,0.9660604051073398,-0.2789380425680552,0.21428571428571427,0.12,1.0
2015,25,Repo XGBoost reg_lambda tuned,Repo regression,xgb.py,ok,reg_lambda,0.1,Same regularization grid as repo; tuned inside each CV fold.,0.9372392446614793,1.6063187426140781,0.48616341150048203,-0.30517163179591034,0.2222222222222222,0.125,1.0
2015,25,Repo LightGBM reg_lambda tuned,Repo regression,lgbm.py,ok,model__reg_lambda,100,Same regularization grid as repo; tuned inside each CV fold.,1.552644564021148,1.7296939182690203,1.265391134197741,-0.5133615269239791,0.21428571428571427,0.12,1.0
2015,25,Repo MLP alpha tuned,Repo regression,mlp.py,ok,model__alpha,100,Same alpha grid as repo; tuned inside each CV fold.,1.3286761228357016,1.6239420005897311,0.9779632975305206,-0.3339673523525011,0.21428571428571427,0.12,1.0
2015,25,Repo MLP bug-faithful alpha=100,Repo regression,mlp.py,ok,,,Replicates the old high-alpha behavior.,1.3517220274249073,1.5944866185601672,1.1046771680952112,-0.2860146912069337,0.21428571428571427,0.12,1.0
2015,25,Broad Direct Ridge,Broad model zoo,recommended comparison,ok,,,,2.2063378817799735,2.272544083264702,2.1086056253517187,-1.6123346155961737,0.21428571428571427,0.12,1.0
2015,25,Broad Direct ElasticNet,Broad model zoo,recommended comparison,ok,,,,2.2604548629896537,2.3227690448108893,2.2187793641598326,-1.7290797783627294,0.21428571428571427,0.12,1.0
2015,25,Broad Direct Huber,Broad model zoo,recommended comparison,ok,,,,1.8393524348737866,1.9297787245272415,1.839307673200695,-0.8837323682918008,0.21428571428571427,0.12,1.0
2015,25,Broad Direct Poisson,Broad model zoo,recommended comparison,ok,,,,1.779064486742536,1.9792012214351218,1.5082489302512316,-0.9814543572116836,0.21428571428571427,0.12,1.0
2015,25,Broad Direct Tweedie / NB-style,Broad model zoo,recommended comparison,ok,,,,1.756900316537318,1.9946588173263038,1.4386646859973347,-1.0125256045783941,0.21428571428571427,0.12,1.0
2015,25,Broad Direct Random Forest,Broad model zoo,recommended comparison,ok,,,,1.1463282029414432,1.478492250113264,0.8815201379860369,-0.10571264697919469,0.21428571428571427,0.12,1.0
2015,25,Broad Direct Gradient Boosting,Broad model zoo,recommended comparison,ok,,,,1.3758374648775547,1.5877951161381008,1.15096903894651,-0.27524343297652765,0.21428571428571427,0.12,1.0
2015,25,Broad Direct Hist Gradient Boosting,Broad model zoo,recommended comparison,ok,,,,1.1047498360828274,1.4577585686089098,1.0954794613888672,-0.07491810521241171,0.25,0.14285714285714285,1.0
2015,25,Broad Direct MLP,Broad model zoo,recommended comparison,ok,,,,1.6785890446989586,2.6856461501856215,0.9704946838873916,-2.6483941833860176,0.2222222222222222,0.16666666666666666,0.3333333333333333
2015,25,Broad Direct XGBoost,Broad model zoo,recommended comparison,ok,,,,0.9983261472798876,1.2815792534343349,0.7920751783190467,0.1692026380516558,0.21428571428571427,0.12,1.0
2015,25,Broad Direct LightGBM,Broad model zoo,recommended comparison,ok,,,,1.95423355413734,2.0009771741551496,1.7885091061662735,-1.025295702800821,0.21428571428571427,0.12,1.0
2015,25,Broad Residual Ridge,Broad residual model,recommended comparison,ok,,,,2.172002553073531,2.2434776023105214,2.045501169866661,-1.5459369751374257,0.21428571428571427,0.12,1.0
2015,25,Broad Residual ElasticNet,Broad residual model,recommended comparison,ok,,,,2.2362157182737015,2.3059196681662044,2.155523922289796,-1.689629871211209,0.21428571428571427,0.12,1.0
2015,25,Broad Residual Random Forest,Broad residual model,recommended comparison,ok,,,,1.1339551111159816,1.4100894911240496,0.9022828500029996,-0.005767329227474471,0.21428571428571427,0.12,1.0
2015,25,Broad Residual Gradient Boosting,Broad residual model,recommended comparison,ok,,,,1.204177967761007,1.4382695596684443,0.9996542608700327,-0.0463687237957624,0.21428571428571427,0.12,1.0
2015,25,Broad Residual Hist Gradient Boosting,Broad residual model,recommended comparison,ok,,,,0.5483750894889136,1.2732412875529118,0.297086667606274,0.17997782180670163,0.2222222222222222,0.13333333333333333,0.6666666666666666
2015,25,Broad Residual XGBoost,Broad residual model,recommended comparison,ok,,,,0.9219404671681554,1.2589064958424656,0.7160863033304428,0.19833832620107383,0.21428571428571427,0.12,1.0
2015,25,Broad Residual LightGBM,Broad residual model,recommended comparison,ok,,,,1.8884344905665276,1.9252116185960069,1.761440428545666,-0.8748266582371886,0.21428571428571427,0.12,1.0
2016,25,Repo/Baseline: Last Year's Value,Repo baseline,models_baseline.py,ok,,,,0.3334665306293598,1.1706409604775716,0.0,0.3962125980232183,0.4,0.3333333333333333,0.5
2016,25,Repo/Baseline: Historical Average,Repo baseline,models_baseline.py,ok,,,,1.2557125662330637,1.9103772649445796,0.9981818607811448,-0.6079587282183443,0.2,0.1111111111111111,1.0
2016,25,Repo/Baseline: Global Mean,Repo baseline,models_baseline.py,ok,,,,1.282713648849678,1.6840447519333321,1.062335264052038,-0.24952189913849043,0.14814814814814814,0.08,1.0
2016,25,Baseline: global median,Baseline,unified script,ok,,,,0.3144218096953877,1.5380636145756665,0.0,-0.04228193857809637,0.0,0.0,0.0
2016,25,Baseline: company median,Baseline,unified script,ok,,,,0.3830634130783416,1.559406419200541,0.0,-0.07140890249014564,0.0,0.0,0.0
2016,25,Recommended: Empirical Bayes company-history,Recommended,custom recommended,ok,,,,0.3475309609482419,1.3186815573194435,0.0,0.2338452825050994,0.4,0.3333333333333333,0.5
2016,25,Repo Ridge alpha tuned,Repo regression,models_baseline.py,ok,model__alpha,1000,Same alpha grid as repo; tuned inside each CV fold.,1.1599594650012823,1.5879575215730282,0.919648751879695,-0.11100081320847166,0.14814814814814814,0.08,1.0
2016,25,Repo Poisson alpha tuned,Repo regression,poisson.py,ok,model__alpha,10,Same alpha grid as repo; tuned inside each CV fold.,1.1241030160641028,1.5779123681234763,0.8670093875018159,-0.0969892608778895,0.14814814814814814,0.08,1.0
2016,25,Repo XGBoost reg_lambda tuned,Repo regression,xgb.py,ok,reg_lambda,0.1,Same regularization grid as repo; tuned inside each CV fold.,2.8656172048231694,3.2956008361930174,2.276546001434326,-3.785263136470663,0.14814814814814814,0.08,1.0
2016,25,Repo LightGBM reg_lambda tuned,Repo regression,lgbm.py,ok,model__reg_lambda,100,Same regularization grid as repo; tuned inside each CV fold.,2.9950986517469804,3.0398863498877966,2.837802840910485,-3.0714706635838356,0.14814814814814814,0.08,1.0
2016,25,Repo MLP alpha tuned,Repo regression,mlp.py,ok,model__alpha,1,Same alpha grid as repo; tuned inside each CV fold.,2.959918041291757,3.1869448231151214,3.1299651671637783,-3.4749244160257042,0.14814814814814814,0.08,1.0
2016,25,Repo MLP bug-faithful alpha=100,Repo regression,mlp.py,ok,,,Replicates the old high-alpha behavior.,1.1656386094174205,1.617544640638835,0.9090161812988455,-0.15278725282710615,0.14814814814814814,0.08,1.0
2016,25,Broad Direct Ridge,Broad model zoo,recommended comparison,ok,,,,1.6097177029344005,1.9370209983421987,1.3861760961531235,-0.6531233980117903,0.14814814814814814,0.08,1.0
2016,25,Broad Direct ElasticNet,Broad model zoo,recommended comparison,ok,,,,1.6151678912733152,1.976205201534553,1.343265889764325,-0.7206823008225693,0.14814814814814814,0.08,1.0
2016,25,Broad Direct Huber,Broad model zoo,recommended comparison,ok,,,,0.7400150890755175,1.756526896702292,0.30022936110866816,-0.35939673959408736,0.15384615384615385,0.09090909090909091,0.5
2016,25,Broad Direct Poisson,Broad model zoo,recommended comparison,ok,,,,1.4061947465968354,1.781356139754393,1.2066172617453343,-0.3980996447856131,0.14814814814814814,0.08,1.0
2016,25,Broad Direct Tweedie / NB-style,Broad model zoo,recommended comparison,ok,,,,1.3526575408010977,1.76499913946461,1.1051435595902648,-0.37254190062128356,0.14814814814814814,0.08,1.0
2016,25,Broad Direct Random Forest,Broad model zoo,recommended comparison,ok,,,,0.6585468186650856,1.4414237886719163,0.3179462195174092,0.08458086592624026,0.14814814814814814,0.08,1.0
2016,25,Broad Direct Gradient Boosting,Broad model zoo,recommended comparison,ok,,,,0.3274304897993689,1.5323367933017775,0.01780273433560664,-0.03453472979582073,0.5,0.3333333333333333,1.0
2016,25,Broad Direct Hist Gradient Boosting,Broad model zoo,recommended comparison,ok,,,,0.3830510000262563,1.5059321047498548,0.0033237868310269647,0.0008115631543281765,0.23529411764705882,0.13333333333333333,1.0
2016,25,Broad Direct MLP,Broad model zoo,recommended comparison,ok,,,,1.6380701630465655,2.9770078838786462,0.8644211304603395,-2.904780132261314,0.4444444444444444,0.2857142857142857,1.0
2016,25,Broad Direct XGBoost,Broad model zoo,recommended comparison,ok,,,,2.83134941688982,2.879692709789563,2.6626534461975098,-2.6536665509459376,0.14814814814814814,0.08,1.0
2016,25,Broad Direct LightGBM,Broad model zoo,recommended comparison,ok,,,,2.5790767532972887,2.640720517234086,2.519296355321699,-2.07242644749284,0.14814814814814814,0.08,1.0
2016,25,Broad Residual Ridge,Broad residual model,recommended comparison,ok,,,,1.616376753020261,1.970079720430108,1.3607068320901439,-0.7100319170314753,0.14814814814814814,0.08,1.0
2016,25,Broad Residual ElasticNet,Broad residual model,recommended comparison,ok,,,,1.621550027163991,2.0022445963427273,1.3321212698818758,-0.7663260577692752,0.14814814814814814,0.08,1.0
2016,25,Broad Residual Random Forest,Broad residual model,recommended comparison,ok,,,,0.6423367424610957,1.5197726342729456,0.31609025635603905,-0.017639265125334314,0.14814814814814814,0.08,1.0
2016,25,Broad Residual Gradient Boosting,Broad residual model,recommended comparison,ok,,,,0.38833988199877395,1.5758033236429476,0.03474927680221285,-0.09405873950134169,0.0,0.0,0.0
2016,25,Broad Residual Hist Gradient Boosting,Broad residual model,recommended comparison,ok,,,,0.7851729707655758,1.5244579463975705,0.7776755420355839,-0.023923504038278365,0.21052631578947367,0.11764705882352941,1.0
2016,25,Broad Residual XGBoost,Broad residual model,recommended comparison,ok,,,,2.7748718376185333,2.8403875319419516,2.5192103385925293,-2.554608791121467,0.14814814814814814,0.08,1.0
2016,25,Broad Residual LightGBM,Broad residual model,recommended comparison,ok,,,,2.442757438880193,2.531411305288541,2.3278914936057546,-1.8233326211278111,0.14814814814814814,0.08,1.0
2017,25,Repo/Baseline: Last Year's Value,Repo baseline,models_baseline.py,ok,,,,0.31398106333544695,1.538060051789095,0.0,-1079148.0412793772,0.0,0.0,0.0
2017,25,Repo/Baseline: Historical Average,Repo baseline,models_baseline.py,ok,,,,0.9722614144996748,1.2888300474947925,0.9355695743704597,-757749.3571459672,0.0,0.0,0.0
2017,25,Repo/Baseline: Global Mean,Repo baseline,models_baseline.py,ok,,,,1.0016013739883687,1.0016024682974691,1.0010525968078703,-457640.7280533795,0.0,0.0,0.0
2017,25,Baseline: global median,Baseline,unified script,ok,,,,0.0005487771804984121,0.0015790125358532245,0.0,-0.13738108205049926,0.0,0.0,0.0
2017,25,Baseline: company median,Baseline,unified script,ok,,,,0.057216997963319895,0.2277741411334007,0.0,-23666.02557188228,0.0,0.0,0.0
2017,25,Recommended: Empirical Bayes company-history,Recommended,custom recommended,ok,,,,0.11568525245861049,0.4535879035013775,0.0,-93854.07751553276,0.0,0.0,0.0
2017,25,Repo Ridge alpha tuned,Repo regression,models_baseline.py,ok,model__alpha,1000,Same alpha grid as repo; tuned inside each CV fold.,0.7697232641771872,0.7849678955559259,0.7348133124475011,-281084.62397449196,0.0,0.0,0.0
2017,25,Repo Poisson alpha tuned,Repo regression,poisson.py,ok,model__alpha,10,Same alpha grid as repo; tuned inside each CV fold.,0.7335425998774735,0.7531303404932411,0.6828655161773214,-258745.8863227327,0.0,0.0,0.0
2017,25,Repo XGBoost reg_lambda tuned,Repo regression,xgb.py,ok,reg_lambda,5,Same regularization grid as repo; tuned inside each CV fold.,1.7904840989883595,2.32596707633081,1.0831594467163086,-2467980.902501535,0.0,0.0,0.0
2017,25,Repo LightGBM reg_lambda tuned,Repo regression,lgbm.py,ok,model__reg_lambda,100,Same regularization grid as repo; tuned inside each CV fold.,1.3378715500279237,1.4331235713095065,1.2755323359748658,-936918.1653251296,0.0,0.0,0.0
2017,25,Repo MLP alpha tuned,Repo regression,mlp.py,ok,model__alpha,100,Same alpha grid as repo; tuned inside each CV fold.,0.699771963678416,0.7514237004795774,0.6185949543739699,-257574.54204605691,0.0,0.0,0.0
2017,25,Repo MLP bug-faithful alpha=100,Repo regression,mlp.py,ok,,,Replicates the old high-alpha behavior.,0.7185814854577393,0.7680842210302975,0.6359411167092528,-269123.0633462116,0.0,0.0,0.0
2017,25,Broad Direct Ridge,Broad model zoo,recommended comparison,ok,,,,0.7783179699920669,0.9145718108522339,0.5680627101051536,-381565.7010503597,0.0,0.0,0.0
2017,25,Broad Direct ElasticNet,Broad model zoo,recommended comparison,ok,,,,0.7313962634155837,0.8848488276403846,0.5661888132962543,-357167.38020611025,0.0,0.0,0.0
2017,25,Broad Direct Huber,Broad model zoo,recommended comparison,ok,,,,0.3300195573928544,0.4433208605940436,0.28523034909081924,-89653.31152433426,0.0,0.0,0.0
2017,25,Broad Direct Poisson,Broad model zoo,recommended comparison,ok,,,,0.7740287524590796,0.8641693287905701,0.6356287301424133,-340667.9414223911,0.0,0.0,0.0
2017,25,Broad Direct Tweedie / NB-style,Broad model zoo,recommended comparison,ok,,,,0.7508228586342609,0.8777660358552252,0.5805424030581467,-351472.3406154574,0.0,0.0,0.0
2017,25,Broad Direct Random Forest,Broad model zoo,recommended comparison,ok,,,,2.795555581790876,2.8188066440722053,2.735568967465987,-3624643.496162665,0.0,0.0,0.0
2017,25,Broad Direct Gradient Boosting,Broad model zoo,recommended comparison,ok,,,,1.3242009356244122,1.3247735513532954,1.3167031560585238,-800603.7133332343,0.0,0.0,0.0
2017,25,Broad Direct Hist Gradient Boosting,Broad model zoo,recommended comparison,ok,,,,0.04449979309678824,0.06345815002892878,0.035168767176535276,-1836.0021256611878,0.0,0.0,0.0
2017,25,Broad Direct MLP,Broad model zoo,recommended comparison,ok,,,,1.0985684268633689,2.5758646405889527,0.593920738130703,-3026779.445717897,0.0,0.0,0.0
2017,25,Broad Direct XGBoost,Broad model zoo,recommended comparison,ok,,,,0.7743999810989554,0.8102592518781904,0.6548802785507815,-299489.3559240266,0.0,0.0,0.0
2017,25,Broad Direct LightGBM,Broad model zoo,recommended comparison,ok,,,,1.2889661913121222,1.3545622921039466,1.298085419823959,-837013.1654177733,0.0,0.0,0.0
2017,25,Broad Residual Ridge,Broad residual model,recommended comparison,ok,,,,0.7590123615089357,0.9357706019675628,0.5513055354243126,-399459.3141945396,0.0,0.0,0.0
2017,25,Broad Residual ElasticNet,Broad residual model,recommended comparison,ok,,,,0.718847220998426,0.9115276267479163,0.5406923435050568,-379029.81239282974,0.0,0.0,0.0
2017,25,Broad Residual Random Forest,Broad residual model,recommended comparison,ok,,,,2.8109399779348827,2.8400313324963755,2.726770988644517,-3679433.7645217143,0.0,0.0,0.0
2017,25,Broad Residual Gradient Boosting,Broad residual model,recommended comparison,ok,,,,1.3684596840846597,1.378284967597846,1.334416314768518,-866587.4244299224,0.0,0.0,0.0
2017,25,Broad Residual Hist Gradient Boosting,Broad residual model,recommended comparison,ok,,,,0.08598210602328754,0.19169726651265856,0.002414556250082356,-16762.57666224223,0.0,0.0,0.0
2017,25,Broad Residual XGBoost,Broad residual model,recommended comparison,ok,,,,0.8418728523746641,0.9188344725119794,0.67929143623551,-385130.8232684702,0.0,0.0,0.0
2017,25,Broad Residual LightGBM,Broad residual model,recommended comparison,ok,,,,1.2717678263774759,1.3455008358018337,1.251744908233051,-825852.0714855321,0.0,0.0,0.0
2018,25,Repo/Baseline: Last Year's Value,Repo baseline,models_baseline.py,ok,,,,0.0006981532053050543,0.0014831920772659438,0.0,-0.8230457111972258,0.0,0.0,0.0
2018,25,Repo/Baseline: Historical Average,Repo baseline,models_baseline.py,ok,,,,0.9025802884725127,1.2059680158567627,0.8775563673156803,-1205241.240223821,0.0,0.0,0.0
2018,25,Repo/Baseline: Global Mean,Repo baseline,models_baseline.py,ok,,,,0.9261716675654674,0.9261723190072284,0.9256308065979031,-710862.7335025632,0.0,0.0,0.0
2018,25,Baseline: global median,Baseline,unified script,ok,,,,0.000540860967564214,0.0012244283624506152,0.0,-0.24242312535850807,0.0,0.0,0.0
2018,25,Baseline: company median,Baseline,unified script,ok,,,,0.04534058909813524,0.20058778649538345,0.0,-33342.542332039266,0.0,0.0,0.0
2018,25,Recommended: Empirical Bayes company-history,Recommended,custom recommended,ok,,,,0.021824084195930595,0.09762276714987857,0.0,-7896.779272167469,0.0,0.0,0.0
2018,25,Repo Ridge alpha tuned,Repo regression,models_baseline.py,ok,model__alpha,1,Same alpha grid as repo; tuned inside each CV fold.,2.0178287375224158,2.190699111759069,1.8182926510173072,-3977114.7305298042,0.0,0.0,0.0
2018,25,Repo Poisson alpha tuned,Repo regression,poisson.py,ok,model__alpha,10,Same alpha grid as repo; tuned inside each CV fold.,1.0339910093501796,1.0361866467596288,1.0393327728554054,-889771.02470167,0.0,0.0,0.0
2018,25,Repo XGBoost reg_lambda tuned,Repo regression,xgb.py,ok,reg_lambda,100,Same regularization grid as repo; tuned inside each CV fold.,1.4838024271296735,1.5073320917250956,1.4395388839742393,-1882870.3861466227,0.0,0.0,0.0
2018,25,Repo LightGBM reg_lambda tuned,Repo regression,lgbm.py,ok,model__reg_lambda,100,Same regularization grid as repo; tuned inside each CV fold.,1.8305255761191466,1.8668087762348857,1.779827821389497,-2888033.867993872,0.0,0.0,0.0
2018,25,Repo MLP alpha tuned,Repo regression,mlp.py,ok,model__alpha,100,Same alpha grid as repo; tuned inside each CV fold.,1.216037525520677,1.2203576682149258,1.2064016603777614,-1234174.819481713,0.0,0.0,0.0
2018,25,Repo MLP bug-faithful alpha=100,Repo regression,mlp.py,ok,,,Replicates the old high-alpha behavior.,1.2557983674537447,1.2604949127222798,1.24477750143435,-1316693.3103079565,0.0,0.0,0.0
2018,25,Broad Direct Ridge,Broad model zoo,recommended comparison,ok,,,,1.8864173531131323,1.9137474066063789,1.7832092244384112,-3035091.9420843576,0.0,0.0,0.0
2018,25,Broad Direct ElasticNet,Broad model zoo,recommended comparison,ok,,,,1.9908534500530373,2.0264021353943003,1.913610451809145,-3402936.974852403,0.0,0.0,0.0
2018,25,Broad Direct Huber,Broad model zoo,recommended comparison,ok,,,,0.5876162623294787,0.6623115646327372,0.6625225452962598,-363518.2729622706,0.0,0.0,0.0
2018,25,Broad Direct Poisson,Broad model zoo,recommended comparison,ok,,,,1.5659523613894932,1.5794784696055881,1.5083656208576608,-2067426.0059020058,0.0,0.0,0.0
2018,25,Broad Direct Tweedie / NB-style,Broad model zoo,recommended comparison,ok,,,,1.4683522464922785,1.4815372367992137,1.4194859689651294,-1818978.9305497492,0.0,0.0,0.0
2018,25,Broad Direct Random Forest,Broad model zoo,recommended comparison,ok,,,,2.6126457442307007,2.616535994101117,2.6410329442754934,-5673566.04499682,0.0,0.0,0.0
2018,25,Broad Direct Gradient Boosting,Broad model zoo,recommended comparison,ok,,,,2.0117777953756253,2.011797278992765,2.0074187621655675,-3354061.857052848,0.0,0.0,0.0
2018,25,Broad Direct Hist Gradient Boosting,Broad model zoo,recommended comparison,ok,,,,0.003561726347109051,0.008385849513153118,7.671880126292052e-06,-57.27696063682442,0.0,0.0,0.0
2018,25,Broad Direct MLP,Broad model zoo,recommended comparison,ok,,,,2.3309495168132566,2.6798282957829302,1.9993016246956206,-5951365.572436336,0.0,0.0,0.0
2018,25,Broad Direct XGBoost,Broad model zoo,recommended comparison,ok,,,,1.5421411073970075,1.5789913090853067,1.451086877486878,-2066150.8843805061,0.0,0.0,0.0
2018,25,Broad Direct LightGBM,Broad model zoo,recommended comparison,ok,,,,2.5508363037892305,2.554608222936047,2.4961134740673483,-5408181.966611048,0.0,0.0,0.0
2018,25,Broad Residual Ridge,Broad residual model,recommended comparison,ok,,,,1.886969749966446,1.9277122343009017,1.7525034750102684,-3079548.3757955595,0.0,0.0,0.0
2018,25,Broad Residual ElasticNet,Broad residual model,recommended comparison,ok,,,,1.9918700407229049,2.0389370516570646,1.8985360303189163,-3445166.9657516903,0.0,0.0,0.0
2018,25,Broad Residual Random Forest,Broad residual model,recommended comparison,ok,,,,2.6348252582235774,2.6441169360710317,2.6198553136051195,-5793806.748697388,0.0,0.0,0.0
2018,25,Broad Residual Gradient Boosting,Broad residual model,recommended comparison,ok,,,,2.1266331186267813,2.1308305032688146,2.0979938748208156,-3762707.5025161314,0.0,0.0,0.0
2018,25,Broad Residual Hist Gradient Boosting,Broad residual model,recommended comparison,ok,,,,0.3822354064831099,0.5439027931449939,0.643417474978722,-245156.58954868116,0.0,0.0,0.0
2018,25,Broad Residual XGBoost,Broad residual model,recommended comparison,ok,,,,1.8967070477605903,1.93359664028324,1.8019137368664842,-3098377.925572033,0.0,0.0,0.0
2018,25,Broad Residual LightGBM,Broad residual model,recommended comparison,ok,,,,2.610563746834202,2.6152507331478856,2.5641024490527524,-5667993.621563332,0.0,0.0,0.0
2019,25,Repo/Baseline: Last Year's Value,Repo baseline,models_baseline.py,ok,,,,0.754555695077345,2.458152447893046,0.0,-0.10397930283853674,0.0,0.0,0.0
2019,25,Repo/Baseline: Historical Average,Repo baseline,models_baseline.py,ok,,,,1.595844454423773,2.808382522638641,0.8331428071687821,-0.44097295032210093,0.0,0.0,0.0
2019,25,Repo/Baseline: Global Mean,Repo baseline,models_baseline.py,ok,,,,1.40876807996868,2.3420503594690367,0.8607728466843549,-0.002156997978639108,0.21428571428571427,0.12,1.0
2019,25,Baseline: global median,Baseline,unified script,ok,,,,0.7545807164885702,2.457452690271665,0.0,-0.10335085688836099,0.0,0.0,0.0
2019,25,Baseline: company median,Baseline,unified script,ok,,,,0.7747036232066183,2.4594860249126334,0.0,-0.10517747163713542,0.0,0.0,0.0
2019,25,Recommended: Empirical Bayes company-history,Recommended,custom recommended,ok,,,,0.7638757975619948,2.4581420113870123,0.0,-0.10396992859308973,0.0,0.0,0.0
2019,25,Repo Ridge alpha tuned,Repo regression,models_baseline.py,ok,model__alpha,1000,Same alpha grid as repo; tuned inside each CV fold.,1.0540830244088815,2.3803932866727013,0.42894489173779426,-0.035239271974528474,0.21428571428571427,0.12,1.0
2019,25,Repo Poisson alpha tuned,Repo regression,poisson.py,ok,model__alpha,1000,Same alpha grid as repo; tuned inside each CV fold.,1.4009472434094528,2.3415686621156793,0.8522247667504801,-0.0017448063888050314,0.21428571428571427,0.12,1.0
2019,25,Repo XGBoost reg_lambda tuned,Repo regression,xgb.py,ok,reg_lambda,100,Same regularization grid as repo; tuned inside each CV fold.,0.9243378728606405,2.4549957556771376,0.14469432830810547,-0.10114572329109395,0.24,0.13636363636363635,1.0
2019,25,Repo LightGBM reg_lambda tuned,Repo regression,lgbm.py,ok,model__reg_lambda,100,Same regularization grid as repo; tuned inside each CV fold.,1.5777386451427617,2.5220710587240505,0.8261781481101282,-0.16213864246610177,0.21428571428571427,0.12,1.0
2019,25,Repo MLP alpha tuned,Repo regression,mlp.py,ok,model__alpha,100,Same alpha grid as repo; tuned inside each CV fold.,0.8628214999707312,2.4671052223002117,0.1337235429213517,-0.11203549658865586,0.09090909090909091,0.05263157894736842,0.3333333333333333
2019,25,Repo MLP bug-faithful alpha=100,Repo regression,mlp.py,ok,,,Replicates the old high-alpha behavior.,0.8725683439894071,2.453281142737377,0.1650887457028829,-0.09960814068521473,0.2222222222222222,0.125,1.0
2019,25,Broad Direct Ridge,Broad model zoo,recommended comparison,ok,,,,1.0989192548294298,2.6699216021701884,0.32967481469561655,-0.3023878126082582,0.0,0.0,0.0
2019,25,Broad Direct ElasticNet,Broad model zoo,recommended comparison,ok,,,,1.1003140799059674,2.667214316573277,0.3071441851062304,-0.2997479237634224,0.0,0.0,0.0
2019,25,Broad Direct Huber,Broad model zoo,recommended comparison,ok,,,,0.8350285728437004,2.5091846383316314,0.07389550173103343,-0.15029318084984733,0.0,0.0,0.0
2019,25,Broad Direct Poisson,Broad model zoo,recommended comparison,ok,,,,0.8540003189133551,2.4986586357189515,0.13036404855320072,-0.14066248855210195,0.1,0.058823529411764705,0.3333333333333333
2019,25,Broad Direct Tweedie / NB-style,Broad model zoo,recommended comparison,ok,,,,0.8526782040711643,2.504214530404071,0.11094793054911722,-0.145740770421797,0.11764705882352941,0.07142857142857142,0.3333333333333333
2019,25,Broad Direct Random Forest,Broad model zoo,recommended comparison,ok,,,,1.017364700164865,2.453040295298267,0.21070647104164753,-0.09939224630600507,0.21428571428571427,0.12,1.0
2019,25,Broad Direct Gradient Boosting,Broad model zoo,recommended comparison,ok,,,,0.938480306613672,2.396510342111327,0.23571525770625223,-0.049305429756485664,0.21428571428571427,0.12,1.0
2019,25,Broad Direct Hist Gradient Boosting,Broad model zoo,recommended comparison,ok,,,,0.7558632791550727,2.4572954813512866,4.6785537684002065e-05,-0.10320969360209498,0.25,0.2,0.3333333333333333
2019,25,Broad Direct MLP,Broad model zoo,recommended comparison,ok,,,,1.263901455772324,2.688321328629522,0.38056337276193375,-0.3204004402515239,0.23529411764705882,0.14285714285714285,0.6666666666666666
2019,25,Broad Direct XGBoost,Broad model zoo,recommended comparison,ok,,,,1.0576817792632283,2.421594711841538,0.30549120903015137,-0.07138663444897797,0.21428571428571427,0.12,1.0
2019,25,Broad Direct LightGBM,Broad model zoo,recommended comparison,ok,,,,1.722882163865693,2.479730598489164,1.0915984286649483,-0.12344627125853469,0.21428571428571427,0.12,1.0
2019,25,Broad Residual Ridge,Broad residual model,recommended comparison,ok,,,,1.1207176128672347,2.681971540787136,0.3440167749339378,-0.31417026173713447,0.0,0.0,0.0
2019,25,Broad Residual ElasticNet,Broad residual model,recommended comparison,ok,,,,1.1175540059132243,2.6753248830188863,0.3220051347458188,-0.3076645876931845,0.0,0.0,0.0
2019,25,Broad Residual Random Forest,Broad residual model,recommended comparison,ok,,,,1.003870136418436,2.4540050329986047,0.22181156993620865,-0.10025715970521243,0.21428571428571427,0.12,1.0
2019,25,Broad Residual Gradient Boosting,Broad residual model,recommended comparison,ok,,,,0.928969681728347,2.40409032063525,0.20976414076373073,-0.055953672390202325,0.21428571428571427,0.12,1.0
2019,25,Broad Residual Hist Gradient Boosting,Broad residual model,recommended comparison,ok,,,,0.7972836442783179,2.4499537444890476,0.029759281893454226,-0.09662735475788153,0.21428571428571427,0.12,1.0
2019,25,Broad Residual XGBoost,Broad residual model,recommended comparison,ok,,,,1.0651136016655471,2.4259599749486216,0.28365227580070496,-0.07525276439640693,0.21428571428571427,0.12,1.0
2019,25,Broad Residual LightGBM,Broad residual model,recommended comparison,ok,,,,1.593375026035539,2.4465564363021324,0.9529620540363344,-0.09358811534408962,0.21428571428571427,0.12,1.0
2020,25,Repo/Baseline: Last Year's Value,Repo baseline,models_baseline.py,ok,,,,0.7539809043108809,2.457449429350302,0.0,-1224217.782052266,0.0,0.0,0.0
2020,25,Repo/Baseline: Historical Average,Repo baseline,models_baseline.py,ok,,,,0.8064211643124302,1.0761618273170976,0.7855000003538897,-234770.31114259484,0.0,0.0,0.0
2020,25,Repo/Baseline: Global Mean,Repo baseline,models_baseline.py,ok,,,,0.8542874126295789,0.8542902998198381,0.8536618600515746,-147944.17623246645,0.0,0.0,0.0
2020,25,Baseline: global median,Baseline,unified script,ok,,,,0.0006255525780042958,0.0023074455478421965,0.0,-0.07932635437193869,0.0,0.0,0.0
2020,25,Baseline: company median,Baseline,unified script,ok,,,,0.0014613704464939304,0.004643798660147581,0.0,-3.371561807446386,0.0,0.0,0.0
2020,25,Recommended: Empirical Bayes company-history,Recommended,custom recommended,ok,,,,0.22818526247442614,0.7423900954287946,0.0,-111724.98637243157,0.0,0.0,0.0
2020,25,Repo Ridge alpha tuned,Repo regression,models_baseline.py,ok,model__alpha,100,Same alpha grid as repo; tuned inside each CV fold.,0.9505041581481922,0.9915930204884273,0.9530076015779634,-199321.70932513403,0.0,0.0,0.0
2020,25,Repo Poisson alpha tuned,Repo regression,poisson.py,ok,model__alpha,1,Same alpha grid as repo; tuned inside each CV fold.,0.7806334422396884,0.8248723601969942,0.7927098390102572,-137930.469235309,0.0,0.0,0.0
2020,25,Repo XGBoost reg_lambda tuned,Repo regression,xgb.py,ok,reg_lambda,100,Same regularization grid as repo; tuned inside each CV fold.,0.6299279016685805,0.7012330131868183,0.6452080124992161,-99680.50059109542,0.0,0.0,0.0
2020,25,Repo LightGBM reg_lambda tuned,Repo regression,lgbm.py,ok,model__reg_lambda,100,Same regularization grid as repo; tuned inside each CV fold.,0.9652016492279419,1.011333755832721,1.0016673516221943,-207336.98119765925,0.0,0.0,0.0
2020,25,Repo MLP alpha tuned,Repo regression,mlp.py,ok,model__alpha,100,Same alpha grid as repo; tuned inside each CV fold.,0.846726510216544,0.8946167587080049,0.8292160425578756,-162241.2341862728,0.0,0.0,0.0
2020,25,Repo MLP bug-faithful alpha=100,Repo regression,mlp.py,ok,,,Replicates the old high-alpha behavior.,0.8127542185595966,0.8603640564331855,0.7977138288680932,-150055.34927320055,0.0,0.0,0.0
2020,25,Broad Direct Ridge,Broad model zoo,recommended comparison,ok,,,,1.1429442594264942,1.2047788741453556,1.1042489858803215,-294240.92039593775,0.0,0.0,0.0
2020,25,Broad Direct ElasticNet,Broad model zoo,recommended comparison,ok,,,,1.0685246932982324,1.1390709259173426,1.0397380065407722,-263020.5865269885,0.0,0.0,0.0
2020,25,Broad Direct Huber,Broad model zoo,recommended comparison,ok,,,,4.683470485085992,4.6836244806203045,4.694014664577909,-4446864.4995625485,0.0,0.0,0.0
2020,25,Broad Direct Poisson,Broad model zoo,recommended comparison,ok,,,,0.7806334422396884,0.8248723601969942,0.7927098390102572,-137930.469235309,0.0,0.0,0.0
2020,25,Broad Direct Tweedie / NB-style,Broad model zoo,recommended comparison,ok,,,,0.6905097821971304,0.7424330341687062,0.6868494843683957,-111737.91087623683,0.0,0.0,0.0
2020,25,Broad Direct Random Forest,Broad model zoo,recommended comparison,ok,,,,0.6476954257562667,0.7030374363109784,0.7385603585134337,-100194.16443839413,0.0,0.0,0.0
2020,25,Broad Direct Gradient Boosting,Broad model zoo,recommended comparison,ok,,,,0.9126788458844551,0.9285901458697999,1.0054532436589465,-174797.6203740799,0.0,0.0,0.0
2020,25,Broad Direct Hist Gradient Boosting,Broad model zoo,recommended comparison,ok,,,,0.014546379214344256,0.05046475259488384,0.0,-515.2572410808599,0.0,0.0,0.0
2020,25,Broad Direct MLP,Broad model zoo,recommended comparison,ok,,,,1.7571513005225325,3.0979787077009737,1.0912753192019373,-1945568.352101522,0.0,0.0,0.0
2020,25,Broad Direct XGBoost,Broad model zoo,recommended comparison,ok,,,,0.8322739881706557,0.849229224981366,0.8102742996720571,-146196.4245287954,0.0,0.0,0.0
2020,25,Broad Direct LightGBM,Broad model zoo,recommended comparison,ok,,,,0.7651343611547751,0.7708007982736794,0.7774665801096146,-120439.94954232307,0.0,0.0,0.0
2020,25,Broad Residual Ridge,Broad residual model,recommended comparison,ok,,,,1.1429333732259743,1.2047650056230337,1.1046078649341018,-294234.14624469454,0.0,0.0,0.0
2020,25,Broad Residual ElasticNet,Broad residual model,recommended comparison,ok,,,,1.068199675603465,1.1388329823539785,1.0414670750835446,-262910.71144297725,0.0,0.0,0.0
2020,25,Broad Residual Random Forest,Broad residual model,recommended comparison,ok,,,,0.6471552248496295,0.7031386380309008,0.7307442704353662,-100223.01255447596,0.0,0.0,0.0
2020,25,Broad Residual Gradient Boosting,Broad residual model,recommended comparison,ok,,,,0.9328977911956947,0.9491570899829425,1.0285536938812245,-182626.44849813715,0.0,0.0,0.0
2020,25,Broad Residual Hist Gradient Boosting,Broad residual model,recommended comparison,ok,,,,0.001218362032937943,0.002625222929902014,0.0,-0.3970830933744127,0.0,0.0,0.0
2020,25,Broad Residual XGBoost,Broad residual model,recommended comparison,ok,,,,0.8319091434078243,0.8489870302814875,0.8110286560563345,-146113.04729397057,0.0,0.0,0.0
2020,25,Broad Residual LightGBM,Broad residual model,recommended comparison,ok,,,,0.7941177580352446,0.7995093734504466,0.8061543906702484,-129578.70259245901,0.0,0.0,0.0
2021,25,Repo/Baseline: Last Year's Value,Repo baseline,models_baseline.py,ok,,,,2.9999196785345315,2.9999196930976044,2.9999999999999964,-1654433.824727089,0.0,0.0,0.0
2021,25,Repo/Baseline: Historical Average,Repo baseline,models_baseline.py,ok,,,,2.3668414170394763,2.4364370722132223,2.2534674857353223,-1091290.5770951726,0.9130434782608695,1.0,0.84
2021,25,Repo/Baseline: Global Mean,Repo baseline,models_baseline.py,ok,,,,2.1981069227003815,2.198108160044969,2.1988127967438507,-888235.3091477398,1.0,1.0,1.0
2021,25,Baseline: global median,Baseline,unified script,ok,,,,2.9992941259565282,2.9992950327752466,2.9999999999999964,-1653744.9048224145,0.0,0.0,0.0
2021,25,Baseline: company median,Baseline,unified script,ok,,,,3.000787827284983,3.0007889927805893,2.9999999999999964,-1655392.789094454,0.0,0.0,0.0
2021,25,Recommended: Empirical Bayes company-history,Recommended,custom recommended,ok,,,,3.000100891665554,3.000100999372853,2.9999999999999964,-1654633.8090671583,0.0,0.0,0.0
2021,25,Repo Ridge alpha tuned,Repo regression,models_baseline.py,ok,model__alpha,1000,Same alpha grid as repo; tuned inside each CV fold.,2.9713121433331264,2.9755696848272137,2.920588082626292,-1627685.1051991459,0.8888888888888888,1.0,0.8
2021,25,Repo Poisson alpha tuned,Repo regression,poisson.py,ok,model__alpha,1,Same alpha grid as repo; tuned inside each CV fold.,3.498552708349976,3.5017613959791514,3.4716446719239284,-2254256.4133106163,0.0,0.0,0.0
2021,25,Repo XGBoost reg_lambda tuned,Repo regression,xgb.py,ok,reg_lambda,100,Same regularization grid as repo; tuned inside each CV fold.,2.87140790693187,2.879829525479901,2.8772487640380824,-1524627.2592177994,0.8095238095238095,1.0,0.68
2021,25,Repo LightGBM reg_lambda tuned,Repo regression,lgbm.py,ok,model__reg_lambda,100,Same regularization grid as repo; tuned inside each CV fold.,2.6399286758635094,2.666121409866196,2.6883034783920796,-1306742.203854278,0.9361702127659575,1.0,0.88
2021,25,Repo MLP alpha tuned,Repo regression,mlp.py,ok,model__alpha,100,Same alpha grid as repo; tuned inside each CV fold.,2.953398977772265,2.9534155483818,2.9513867076737763,-1603537.9707590442,1.0,1.0,1.0
2021,25,Repo MLP bug-faithful alpha=100,Repo regression,mlp.py,ok,,,Replicates the old high-alpha behavior.,2.946016443656485,2.946025868468478,2.94422716880557,-1595523.6462189096,1.0,1.0,1.0
2021,25,Broad Direct Ridge,Broad model zoo,recommended comparison,ok,,,,3.9679665756683047,3.9838040558105257,4.020110289275884,-2917602.98878386,0.07692307692307693,1.0,0.04
2021,25,Broad Direct ElasticNet,Broad model zoo,recommended comparison,ok,,,,3.776028002017964,3.7885081785648085,3.7853129824839913,-2638558.3264759094,0.07692307692307693,1.0,0.04
2021,25,Broad Direct Huber,Broad model zoo,recommended comparison,ok,,,,1.498723977721664,1.5128732973762737,1.4826188208393658,-420760.04037502117,1.0,1.0,1.0
2021,25,Broad Direct Poisson,Broad model zoo,recommended comparison,ok,,,,3.498552708349976,3.5017613959791514,3.4716446719239284,-2254256.4133106163,0.0,0.0,0.0
2021,25,Broad Direct Tweedie / NB-style,Broad model zoo,recommended comparison,ok,,,,3.445025256620419,3.4479864147354617,3.422474883526516,-2185552.7778844405,0.0,0.0,0.0
2021,25,Broad Direct Random Forest,Broad model zoo,recommended comparison,ok,,,,2.7330267183246018,2.7403122007305396,2.7875927591351166,-1380480.1913171357,1.0,1.0,1.0
2021,25,Broad Direct Gradient Boosting,Broad model zoo,recommended comparison,ok,,,,2.918776910043231,2.9187807864152173,2.920358995189881,-1566149.0284122368,1.0,1.0,1.0
2021,25,Broad Direct Hist Gradient Boosting,Broad model zoo,recommended comparison,ok,,,,2.9998628957643656,2.999862931665378,2.9999999999999964,-1654371.2182500048,0.07692307692307693,1.0,0.04
2021,25,Broad Direct MLP,Broad model zoo,recommended comparison,ok,,,,2.8917109126211478,2.940763651608582,3.0036126391745808,-1589828.8569894074,0.6486486486486487,1.0,0.48
2021,25,Broad Direct XGBoost,Broad model zoo,recommended comparison,ok,,,,2.824769198817246,2.8282709539387825,2.863103628158566,-1470524.0669013832,1.0,1.0,1.0
2021,25,Broad Direct LightGBM,Broad model zoo,recommended comparison,ok,,,,2.648320821900759,2.666990688963903,2.703696135054642,-1307594.4604176828,1.0,1.0,1.0
2021,25,Broad Residual Ridge,Broad residual model,recommended comparison,ok,,,,3.9684206615337825,3.9842886889971987,4.019617602286968,-2918312.8900259486,0.07692307692307693,1.0,0.04
2021,25,Broad Residual ElasticNet,Broad residual model,recommended comparison,ok,,,,3.77655862734166,3.7890339332418197,3.7843268767842932,-2639290.7156373705,0.07692307692307693,1.0,0.04
2021,25,Broad Residual Random Forest,Broad residual model,recommended comparison,ok,,,,2.7342966718155592,2.741581421769502,2.782516968214611,-1381759.2729756515,1.0,1.0,1.0
2021,25,Broad Residual Gradient Boosting,Broad residual model,recommended comparison,ok,,,,2.921711853959681,2.921712855235421,2.9219728625164922,-1569297.1690127123,1.0,1.0,1.0
2021,25,Broad Residual Hist Gradient Boosting,Broad residual model,recommended comparison,ok,,,,3.0024519021300566,3.0024588936803296,2.9999999999999964,-1657235.7129024942,0.07692307692307693,1.0,0.04
2021,25,Broad Residual XGBoost,Broad residual model,recommended comparison,ok,,,,2.824640540146142,2.828151558124563,2.8620327413082087,-1470399.9127205412,1.0,1.0,1.0
2021,25,Broad Residual LightGBM,Broad residual model,recommended comparison,ok,,,,2.6481474257911723,2.666856343257019,2.708289749948065,-1307462.7273654293,1.0,1.0,1.0
2022,25,Repo/Baseline: Last Year's Value,Repo baseline,models_baseline.py,ok,,,,5.686923689625562,16.095059210687253,0.00016821950415479847,-0.14264503917116578,1.0,1.0,1.0
2022,25,Repo/Baseline: Historical Average,Repo baseline,models_baseline.py,ok,,,,7.898268429643986,16.98381733093214,2.3788632161855436,-0.2723213103549542,0.9583333333333334,1.0,0.92
2022,25,Repo/Baseline: Global Mean,Repo baseline,models_baseline.py,ok,,,,7.757816835647294,16.937985779137456,2.0716075350135044,-0.2654637494690426,1.0,1.0,1.0
2022,25,Baseline: global median,Baseline,unified script,ok,,,,8.686209300633786,17.38280392264801,2.9999999999999964,-0.3328026384011531,0.0,0.0,0.0
2022,25,Baseline: company median,Baseline,unified script,ok,,,,8.687366106764182,17.383291084763297,3.0001708218831213,-0.33287734442140526,0.0,0.0,0.0
2022,25,Recommended: Empirical Bayes company-history,Recommended,custom recommended,ok,,,,7.817194879205408,16.965199754308728,2.1303499404912976,-0.2695334145666315,1.0,1.0,1.0
2022,25,Repo Ridge alpha tuned,Repo regression,models_baseline.py,ok,model__alpha,1000,Same alpha grid as repo; tuned inside each CV fold.,7.028828390959986,16.615650928434107,1.3559038411101145,-0.21775774518445834,1.0,1.0,1.0
2022,25,Repo Poisson alpha tuned,Repo regression,poisson.py,ok,model__alpha,1000,Same alpha grid as repo; tuned inside each CV fold.,7.744741059819862,16.931822124233634,2.0597252666206143,-0.264542924197821,1.0,1.0,1.0
2022,25,Repo XGBoost reg_lambda tuned,Repo regression,xgb.py,ok,reg_lambda,5,Same regularization grid as repo; tuned inside each CV fold.,6.4589519982996455,16.183663740476856,0.7349256934902355,-0.15526036437806146,1.0,1.0,1.0
2022,25,Repo LightGBM reg_lambda tuned,Repo regression,lgbm.py,ok,model__reg_lambda,5,Same regularization grid as repo; tuned inside each CV fold.,6.042161324645049,16.282476839790604,0.7993539942070162,-0.16941085074337914,1.0,1.0,1.0
2022,25,Repo MLP alpha tuned,Repo regression,mlp.py,ok,model__alpha,100,Same alpha grid as repo; tuned inside each CV fold.,7.553650805496655,16.844961176085903,1.8774032835247922,-0.25160188852680987,1.0,1.0,1.0
2022,25,Repo MLP bug-faithful alpha=100,Repo regression,mlp.py,ok,,,Replicates the old high-alpha behavior.,7.426829890670251,16.786896714573125,1.7554114968945633,-0.24298823412255044,1.0,1.0,1.0
2022,25,Broad Direct Ridge,Broad model zoo,recommended comparison,ok,,,,6.763489263598295,16.4823648582251,1.1984490016337244,-0.19829908636989146,1.0,1.0,1.0
2022,25,Broad Direct ElasticNet,Broad model zoo,recommended comparison,ok,,,,6.836307036236857,16.538995987366196,1.2188892725880072,-0.20654761277471834,1.0,1.0,1.0
2022,25,Broad Direct Huber,Broad model zoo,recommended comparison,ok,,,,8.91546560914209,17.519433689660595,3.29639378155593,-0.353836779343391,0.21428571428571427,1.0,0.12
2022,25,Broad Direct Poisson,Broad model zoo,recommended comparison,ok,,,,6.543457911759209,16.4109747396264,0.9082803804850679,-0.18794117350340356,1.0,1.0,1.0
2022,25,Broad Direct Tweedie / NB-style,Broad model zoo,recommended comparison,ok,,,,6.4738321672440495,16.38608938405397,0.8490307941603863,-0.1843411527822183,1.0,1.0,1.0
2022,25,Broad Direct Random Forest,Broad model zoo,recommended comparison,ok,,,,5.77546802090712,16.107239880432765,0.19614462020099221,-0.14437519105013918,1.0,1.0,1.0
2022,25,Broad Direct Gradient Boosting,Broad model zoo,recommended comparison,ok,,,,5.905645589480202,15.764175191425824,1.083288450444802,-0.09614671416095066,1.0,1.0,1.0
2022,25,Broad Direct Hist Gradient Boosting,Broad model zoo,recommended comparison,ok,,,,8.686209300633786,17.38280392264801,2.9999999999999964,-0.3328026384011531,0.0,0.0,0.0
2022,25,Broad Direct MLP,Broad model zoo,recommended comparison,ok,,,,6.756381091906747,16.396924647690145,1.4456663697790502,-0.18590795631957047,1.0,1.0,1.0
2022,25,Broad Direct XGBoost,Broad model zoo,recommended comparison,ok,,,,6.497754825230954,16.395264777067855,0.8331092585587667,-0.1856678681096351,1.0,1.0,1.0
2022,25,Broad Direct LightGBM,Broad model zoo,recommended comparison,ok,,,,5.741997191191151,16.03948126746037,0.3585750769022997,-0.13476731544798004,1.0,1.0,1.0
2022,25,Broad Residual Ridge,Broad residual model,recommended comparison,ok,,,,6.763958868027159,16.482427924464858,1.198242099178044,-0.19830825645715922,1.0,1.0,1.0
2022,25,Broad Residual ElasticNet,Broad residual model,recommended comparison,ok,,,,6.83655918270392,16.539039970467638,1.2180002129828873,-0.20655403006590678,1.0,1.0,1.0
2022,25,Broad Residual Random Forest,Broad residual model,recommended comparison,ok,,,,5.77367088919377,16.10615659219977,0.19656482251380858,-0.14422126691411763,1.0,1.0,1.0
2022,25,Broad Residual Gradient Boosting,Broad residual model,recommended comparison,ok,,,,5.916682539296337,15.748779053995568,1.1362454657017276,-0.09400664859585484,1.0,1.0,1.0
2022,25,Broad Residual Hist Gradient Boosting,Broad residual model,recommended comparison,ok,,,,8.686919470632573,17.383090903888156,2.9999999999999964,-0.3328466465500215,0.0,0.0,0.0
2022,25,Broad Residual XGBoost,Broad residual model,recommended comparison,ok,,,,6.497931662405033,16.395249110439757,0.832534669783132,-0.18566560216164163,1.0,1.0,1.0
2022,25,Broad Residual LightGBM,Broad residual model,recommended comparison,ok,,,,5.748134361631526,16.024417826746827,0.3103166817817202,-0.13263688825585596,1.0,1.0,1.0
